employee_id,site,year,parking_fee_chf,main_mode,uses_car,car_days_per_week,home_commune,home_postcode,distance_km,age,gender,n_children,fte,gross_income_chf
E1000,Lausanne,2024,2.0,car,1,2.2,Lausanne,1004,2.9,23,M,0,0.8,59300
E1000,Lausanne,2025,4.0,car,1,2.0,Lausanne,1004,2.9,23,M,0,0.8,59300
E1001,Lausanne,2024,2.0,car,1,3.5,Le Mont-sur-Lausanne,1052,5.6,51,F,1,1.0,124300
E1001,Lausanne,2025,4.0,car,1,7.4,Le Mont-sur-Lausanne,1052,5.6,51,F,1,1.0,124300
E1002,Lausanne,2024,2.0,car,1,2.6,Chavannes-pres-Renens,1022,7.7,39,M,0,1.0,72800
E1002,Lausanne,2025,4.0,car,1,1.9,Chavannes-pres-Renens,1022,7.7,39,M,0,1.0,72800
E1003,Lausanne,2024,2.0,bike,0,0.0,Pully,1009,4.8,55,F,0,1.0,140800
E1003,Lausanne,2025,4.0,bike,0,0.0,Pully,1009,4.8,55,F,0,1.0,140800
E1004,Lausanne,2024,2.0,car,1,3.4,Pully,1009,6.6,42,F,0,1.0,122400
E1004,Lausanne,2025,4.0,car,1,2.5,Pully,1009,6.6,42,F,0,1.0,122400
E1005,Lausanne,2024,2.0,car,1,2.9,Cheseaux-sur-Lausanne,1033,7.6,43,F,0,0.8,72600
E1005,Lausanne,2025,4.0,car,1,2.9,Cheseaux-sur-Lausanne,1033,7.6,43,F,0,0.8,72600
E1006,Lausanne,2024,2.0,car,1,4.7,Mezieres,1083,14.4,49,M,2,1.0,144900
E1006,Lausanne,2025,4.0,car,1,4.2,Mezieres,1083,14.4,49,M,2,1.0,144900
E1007,Lausanne,2024,2.0,car,1,3.2,Lausanne,1004,3.9,44,M,0,1.0,73200
E1007,Lausanne,2025,4.0,bus,0,0.0,Lausanne,1004,3.9,44,M,0,1.0,73200
E1008,Lausanne,2024,2.0,bike,0,0.0,Le Mont-sur-Lausanne,1052,5.6,44,M,0,1.0,138900
E1008,Lausanne,2025,4.0,bike,0,0.0,Le Mont-sur-Lausanne,1052,5.6,44,M,0,1.0,138900
E1009,Lausanne,2024,2.0,bus,0,0.0,Prilly,1008,5.2,54,M,0,1.0,114500
E1009,Lausanne,2025,4.0,bus,0,0.0,Prilly,1008,5.2,54,M,0,1.0,114500
E1010,Lausanne,2024,2.0,car,1,4.2,Montpreveyres,1081,18.7,34,F,2,1.0,70500
E1010,Lausanne,2025,4.0,car,1,4.7,Montpreveyres,1081,18.7,34,F,2,1.0,70500
E1011,Lausanne,2024,2.0,car,1,4.2,Mezieres,1083,14.1,49,F,0,1.0,108800
E1011,Lausanne,2025,4.0,car,1,4.1,Mezieres,1083,14.1,49,F,0,1.0,108800
E1012,Lausanne,2024,2.0,bus,0,0.0,Le Mont-sur-Lausanne,1052,5.4,46,F,1,1.0,59000
E1012,Lausanne,2025,4.0,bus,0,0.0,Le Mont-sur-Lausanne,1052,5.4,46,F,1,1.0,59000
E1013,Lausanne,2024,2.0,car,1,3.8,Lutry,1095,8.1,27,F,0,0.6,
E1013,Lausanne,2025,4.0,bus,0,0.0,Lutry,1095,8.1,27,F,0,0.6,65000
E1014,Lausanne,2024,2.0,bike,0,0.0,Crissier,1023,6.7,54,M,1,1.0,119200
E1014,Lausanne,2025,4.0,bike,0,0.0,Crissier,1023,6.7,54,M,1,1.0,119200
E1015,Lausanne,2024,2.0,car,1,3.1,Cugy,1053,10.6,51,M,0,1.0,112400
E1015,Lausanne,2025,4.0,car,1,2.9,Cugy,1053,10.6,51,M,0,1.0,112400
E1016,Lausanne,2024,2.0,car,1,2.6,Ecublens,1024,7.2,58,M,1,1.0,109300
E1016,Lausanne,2025,4.0,car,1,2.7,Ecublens,1024,7.2,58,M,1,1.0,109300
E1017,Lausanne,2024,2.0,bike,0,0.0,Prilly,1008,3.9,39,F,2,0.8,50400
E1017,Lausanne,2025,4.0,bike,0,0.0,Prilly,1008,3.9,39,F,2,0.8,50400
E1018,Lausanne,2024,2.0,bike,0,0.0,Renens,1020,6.0,32,M,1,1.0,54000
E1018,Lausanne,2025,4.0,bike,0,0.0,Renens,1020,6.0,32,M,1,1.0,54000
E1019,Lausanne,2024,2.0,bike,0,0.0,Renens,1020,6.4,64,M,0,1.0,77900
E1019,Lausanne,2025,4.0,bike,0,0.0,Renens,1020,6.4,64,M,0,1.0,77900
E1020,Lausanne,2024,2.0,car,1,2.4,Crissier,1023,6.1,33,F,0,1.0,72500
E1020,Lausanne,2025,4.0,bus,0,0.0,Crissier,1023,6.1,33,F,0,1.0,72500
E1021,Lausanne,2024,2.0,car,1,2.7,Ecublens,1024,7.7,35,M,1,1.0,53000
E1021,Lausanne,2025,4.0,bus,0,0.0,Ecublens,1024,7.7,35,M,1,1.0,53000
E1022,Lausanne,2024,2.0,car,1,3.9,Le Mont-sur-Lausanne,1052,5.9,49,F,0,1.0,90200
E1022,Lausanne,2025,4.0,car,1,2.5,Le Mont-sur-Lausanne,1052,5.9,49,F,0,1.0,90200
E1023,Lausanne,2024,2.0,car,1,3.4,Lausanne,1004,2.4,39,M,1,1.0,115000
E1023,Lausanne,2025,4.0,bus,0,0.0,Lausanne,1004,2.4,39,M,1,1.0,
E1024,Lausanne,2024,2.0,bus,0,0.0,Ecublens,1024,9.5,47,M,1,1.0,87000
E1024,Lausanne,2025,4.0,bus,0,0.0,Ecublens,1024,9.5,47,M,1,1.0,87000
E1025,Lausanne,2024,2.0,bus,0,0.0,Pully,1009,5.5,30,M,1,1.0,67200
E1025,Lausanne,2025,4.0,bus,0,0.0,Pully,1009,5.5,30,M,1,1.0,
E1026,Lausanne,2024,2.0,car,1,3.3,Lausanne,1004,3.3,26,M,0,1.0,110500
E1026,Lausanne,2025,4.0,bus,0,0.0,Lausanne,1004,3.3,26,M,0,1.0,110500
E1027,Lausanne,2024,2.0,car,1,3.1,Bussigny,1030,9.8,38,F,2,1.0,69400
E1027,Lausanne,2025,4.0,car,1,3.4,Bussigny,1030,9.8,38,F,2,1.0,69400
E1028,Lausanne,2024,2.0,car,1,2.6,Ecublens,1024,9.4,50,M,0,1.0,75300
E1028,Lausanne,2025,4.0,bus,0,0.0,Ecublens,1024,9.4,50,M,0,1.0,75300
E1029,Lausanne,2024,2.0,bus,0,0.0,Prilly,1008,4.8,43,F,2,1.0,65000
E1029,Lausanne,2025,4.0,bus,0,0.0,Prilly,1008,4.8,43,F,2,1.0,65000
E1030,Lausanne,2024,2.0,car,1,2.9,Renens,1020,6.2,55,F,0,1.0,125700
E1030,Lausanne,2025,4.0,car,1,3.4,Renens,1020,6.2,55,F,0,1.0,125700
E1031,Lausanne,2024,2.0,bus,0,0.0,Bottens,1041,14.5,40,F,0,1.0,85900
E1031,Lausanne,2025,4.0,bus,0,0.0,Bottens,1041,14.5,40,F,0,1.0,85900
E1032,Lausanne,2024,2.0,car,1,3.2,Cheseaux-sur-Lausanne,1033,9.6,45,F,0,0.8,76000
E1032,Lausanne,2025,4.0,car,1,2.8,Cheseaux-sur-Lausanne,1033,9.6,45,F,0,0.8,76000
E1033,Lausanne,2024,2.0,car,1,4.6,Bussigny,1030,9.3,34,M,2,1.0,99200
E1033,Lausanne,2025,4.0,car,1,4.4,Bussigny,1030,9.3,34,M,2,1.0,
E1034,Lausanne,2024,2.0,bike,0,0.0,Pully,1009,4.7,28,F,0,1.0,89300
E1034,Lausanne,2025,4.0,bike,0,0.0,Pully,1009,4.7,28,F,0,1.0,89300
E1035,Lausanne,2024,2.0,bus,0,0.0,Corcelles-le-Jorat,1082,22.7,31,M,2,1.0,80200
E1035,Lausanne,2025,4.0,bus,0,0.0,Corcelles-le-Jorat,1082,22.7,31,M,2,1.0,80200
E1036,Lausanne,2024,2.0,car,1,4.3,Morges,1110,13.1,35,M,2,1.0,73400
E1036,Lausanne,2025,4.0,car,1,4.2,Morges,1110,13.1,35,M,2,1.0,73400
E1037,Lausanne,2024,2.0,bus,0,0.0,Ecublens,1024,7.8,63,F,0,1.0,121500
E1037,Lausanne,2025,4.0,bus,0,0.0,Ecublens,1024,7.8,63,F,0,1.0,121500
E1038,Lausanne,2024,2.0,car,1,5.0,FROIDEVILLE,1055,15.6,30,F,2,1.0,59400
E1038,Lausanne,2025,4.0,car,1,5.0,Froideville,1055,15.6,30,F,2,1.0,59400
E1039,Lausanne,2024,2.0,bus,0,0.0,Prilly,1008,4.5,34,M,0,1.0,83400
E1039,Lausanne,2025,4.0,bus,0,0.0,Prilly,1008,4.5,34,M,0,1.0,83400
E1040,Lausanne,2024,2.0,bus,0,0.0,Epalinges,1066,5.2,57,F,0,1.0,81800
E1040,Lausanne,2025,4.0,bus,0,0.0,Epalinges,1066,5.2,57,F,0,1.0,81800
E1041,Lausanne,2024,2.0,bus,0,0.0,Prilly,1008,3.6,36,F,2,1.0,
E1041,Lausanne,2025,4.0,bus,0,0.0,Prilly,1008,3.6,36,F,2,1.0,
E1042,Lausanne,2024,2.0,car,1,3.1,Renens,1020,5.7,49,M,0,1.0,125200
E1042,Lausanne,2025,4.0,bus,0,0.0,Renens,1020,5.7,49,M,0,1.0,125200
E1043,Lausanne,2024,2.0,bus,0,0.0,Epalinges,1066,6.6,22,F,0,1.0,100300
E1043,Lausanne,2025,4.0,bus,0,0.0,Epalinges,1066,6.6,22,F,0,1.0,100300
E1044,Lausanne,2024,2.0,car,1,2.8,Renens,1020,4.8,33,M,0,0.8,60500
E1044,Lausanne,2025,4.0,car,1,2.1,Renens,1020,4.8,33,M,0,0.8,60500
E1045,Lausanne,2024,2.0,car,1,3.8,Crissier,1023,8.7,48,F,2,1.0,90300
E1045,Lausanne,2025,4.0,car,1,3.5,Crissier,1023,8.7,48,F,2,1.0,90300
E1046,Lausanne,2024,2.0,bus,0,0.0,Morges,1110,12.8,26,M,2,1.0,78700
E1046,Lausanne,2025,4.0,bus,0,0.0,Morges,1110,12.8,26,M,2,1.0,78700
E1047,Lausanne,2024,2.0,bus,0,0.0,Lausanne,1004,2.1,45,M,1,1.0,48300
E1047,Lausanne,2025,4.0,bus,0,0.0,Lausanne,1004,2.1,45,M,1,1.0,48300
E1048,Lausanne,2024,2.0,bus,0,0.0,Romanel-sur-Lausanne,1032,5.2,43,M,0,1.0,128700
E1048,Lausanne,2025,4.0,bus,0,0.0,Romanel-sur-Lausanne,1032,5.2,43,M,0,1.0,128700
E1049,Lausanne,2024,2.0,bus,0,0.0,Morges,1110,10.0,37,F,2,1.0,105100
E1049,Lausanne,2025,4.0,bus,0,0.0,Morges,1110,10.0,37,F,2,1.0,105100
E1050,Lausanne,2024,2.0,bus,0,0.0,Bussigny,1030,12.3,40,M,2,1.0,68700
E1050,Lausanne,2025,4.0,bus,0,0.0,Bussigny,1030,12.3,40,M,2,1.0,68700
E1051,Lausanne,2024,2.0,bus,0,0.0,Pully,1009,5.5,50,M,1,1.0,119900
E1051,Lausanne,2025,4.0,bus,0,0.0,Pully,1009,5.5,50,M,1,1.0,119900
E1052,Lausanne,2024,2.0,car,1,5.0,Ecublens,1024,8.2,42,F,2,1.0,122200
E1052,Lausanne,2025,4.0,car,1,4.3,Ecublens,1024,8.2,42,F,2,1.0,122200
E1053,Lausanne,2024,2.0,bike,0,0.0,Crissier,1023,4.6,53,M,0,1.0,71800
E1053,Lausanne,2025,4.0,bike,0,0.0,Crissier,1023,4.6,53,M,0,1.0,71800
E1054,Lausanne,2024,2.0,bike,0,0.0,Chavannes-pres-Renens,1022,5.4,51,F,2,1.0,87600
E1054,Lausanne,2025,4.0,bike,0,0.0,Chavannes-pres-Renens,1022,5.4,51,F,2,1.0,87600
E1055,Lausanne,2024,2.0,car,1,3.2,Epalinges,1066,5.8,58,M,0,1.0,164600
E1055,Lausanne,2025,4.0,bus,0,0.0,Epalinges,1066,5.8,58,M,0,1.0,164600
E1056,Lausanne,2024,2.0,bus,0,0.0,Morges,1110,9.4,39,F,0,0.8,60500
E1056,Lausanne,2025,4.0,bus,0,0.0,Morges,1110,9.4,39,F,0,0.8,60500
E1057,Lausanne,2024,2.0,bus,0,0.0,Ecublens,1024,9.5,45,F,0,1.0,105700
E1057,Lausanne,2025,4.0,bus,0,0.0,Ecublens,1024,9.5,45,F,0,1.0,105700
E1058,Lausanne,2024,2.0,car,1,3.5,Lausanne,1004,2.9,32,F,2,1.0,60800
E1058,Lausanne,2025,4.0,bike,0,0.0,Lausanne,1004,2.9,32,F,2,1.0,60800
E1059,Lausanne,2024,2.0,car,1,2.8,Cheseaux-sur-Lausanne,1033,8.8,49,F,0,1.0,141800
E1059,Lausanne,2025,4.0,bus,0,0.0,Cheseaux-sur-Lausanne,1033,8.8,49,F,0,1.0,141800
E1060,Lausanne,2024,2.0,car,1,4.3,CRISSIER,1023,6.9,36,F,2,1.0,71800
E1060,Lausanne,2025,4.0,bus,0,0.0,Crissier,1023,6.9,36,F,2,1.0,71800
E1061,Lausanne,2024,2.0,bike,0,0.0,Prilly,1008,3.4,49,F,0,1.0,72100
E1061,Lausanne,2025,4.0,bike,0,0.0,Prilly,1008,3.4,49,F,0,1.0,72100
E1062,Lausanne,2024,2.0,car,1,3.0,Crissier,1023,5.8,40,F,1,1.0,91300
E1062,Lausanne,2025,4.0,bike,0,0.0,Crissier,1023,5.8,40,F,1,1.0,91300
E1063,Lausanne,2024,2.0,car,1,3.0,Lausanne,1004,2.1,41,M,1,1.0,
E1063,Lausanne,2025,4.0,bus,0,0.0,Lausanne,1004,2.1,41,M,1,1.0,55000
E1064,Lausanne,2024,2.0,car,1,3.8,Mezieres,1083,18.1,45,F,2,0.6,50400
E1064,Lausanne,2025,4.0,car,1,3.4,Mezieres,1083,18.1,45,F,2,0.6,50400
E1065,Lausanne,2024,2.0,car,1,3.2,Vulliens,1085,25.8,36,F,0,1.0,70900
E1065,Lausanne,2025,4.0,car,1,2.8,Vulliens,1085,25.8,36,F,0,1.0,70900
E1066,Lausanne,2024,2.0,bus,0,0.0,Lausanne,1004,2.9,36,M,0,1.0,150200
E1066,Lausanne,2025,4.0,bus,0,0.0,Lausanne,1004,2.9,36,M,0,1.0,150200
E1067,Lausanne,2024,2.0,bus,0,0.0,Pully,1009,4.8,37,F,1,1.0,119700
E1067,Lausanne,2025,4.0,bus,0,0.0,Pully,1009,4.8,37,F,1,1.0,119700
E1068,Lausanne,2024,2.0,bus,0,0.0,Romanel-sur-Lausanne,1032,5.1,38,M,2,1.0,129000
E1068,Lausanne,2025,4.0,bus,0,0.0,Romanel-sur-Lausanne,1032,5.1,38,M,2,1.0,129000
E1069,Lausanne,2024,2.0,car,1,2.8,Prilly,1008,4.2,49,F,0,1.0,74100
E1069,Lausanne,2025,4.0,bus,0,0.0,Prilly,1008,4.2,49,F,0,1.0,74100
E1070,Lausanne,2024,2.0,bus,0,0.0,Morges,1110,8.4,39,M,0,1.0,71400
E1070,Lausanne,2025,4.0,bus,0,0.0,Morges,1110,8.4,39,M,0,1.0,71400
E1071,Lausanne,2024,2.0,bus,0,0.0,Ecublens,1024,6.6,37,F,2,1.0,54100
E1071,Lausanne,2025,4.0,bus,0,0.0,Ecublens,1024,6.6,37,F,2,1.0,54100
E1072,Lausanne,2024,2.0,bus,0,0.0,Lutry,1095,7.1,51,M,0,1.0,161000
E1072,Lausanne,2025,4.0,bus,0,0.0,Lutry,1095,7.1,51,M,0,1.0,161000
E1073,Lausanne,2024,2.0,car,1,5.0,Corcelles-le-Jorat,1082,17.3,50,F,1,1.0,67700
E1073,Lausanne,2025,4.0,car,1,4.6,Corcelles-le-Jorat,1082,17.3,50,F,1,1.0,
E1074,Lausanne,2024,2.0,car,1,4.5,Froideville,1055,14.6,41,F,2,0.8,49300
E1074,Lausanne,2025,4.0,car,1,4.9,Froideville,1055,14.6,41,F,2,0.8,49300
E1075,Lausanne,2024,2.0,bus,0,0.0,Bussigny,1030,9.7,64,F,2,1.0,149200
E1075,Lausanne,2025,4.0,bus,0,0.0,Bussigny,1030,9.7,64,F,2,1.0,149200
E1076,Lausanne,2024,2.0,car,1,2.6,Lausanne,1004,3.1,32,F,2,1.0,102200
E1076,Lausanne,2025,4.0,car,1,2.6,Lausanne,1004,3.1,32,F,2,1.0,102200
E1077,Lausanne,2024,2.0,car,1,4.3,Corcelles-le-Jorat,1082,23.8,59,M,0,1.0,91100
E1077,Lausanne,2025,4.0,car,1,4.8,Corcelles-le-Jorat,1082,23.8,59,M,0,1.0,91100
E1078,Lausanne,2024,2.0,bike,0,0.0,Lausanne,1004,3.8,45,M,1,1.0,85600
E1078,Lausanne,2025,4.0,bike,0,0.0,Lausanne,1004,3.8,45,M,1,1.0,85600
E1079,Lausanne,2024,2.0,car,1,2.4,Prilly,1008,4.5,53,M,0,1.0,96200
E1079,Lausanne,2025,4.0,car,1,2.4,Prilly,1008,4.5,53,M,0,1.0,96200
E1080,Lausanne,2024,2.0,car,1,2.5,Renens,1020,6.3,40,F,2,1.0,62900
E1080,Lausanne,2025,4.0,car,1,1.7,Renens,1020,6.3,40,F,2,1.0,62900
E1081,Lausanne,2024,2.0,car,1,2.4,Epalinges,1066,8.2,55,F,0,1.0,98000
E1081,Lausanne,2025,4.0,bike,0,0.0,Epalinges,1066,8.2,55,F,0,1.0,98000
E1082,Lausanne,2024,2.0,car,1,3.0,Chavannes-pres-Renens,1022,7.5,33,M,0,1.0,78700
E1082,Lausanne,2025,4.0,bus,0,0.0,Chavannes-pres-Renens,1022,7.5,33,M,0,1.0,78700
E1083,Lausanne,2024,2.0,bus,0,0.0,Lausanne,1004,2.3,51,F,2,1.0,96200
E1083,Lausanne,2025,4.0,bus,0,0.0,Lausanne,1004,2.3,51,F,2,1.0,96200
E1084,Lausanne,2024,2.0,car,1,2.8,Lausanne,1004,3.6,45,M,2,1.0,74100
E1084,Lausanne,2025,4.0,bus,0,0.0,Lausanne,1004,3.6,45,M,2,1.0,74100
E1085,Lausanne,2024,2.0,bus,0,0.0,Bussigny,1030,8.4,52,M,0,1.0,134100
E1085,Lausanne,2025,4.0,bus,0,0.0,Bussigny,1030,8.4,52,M,0,1.0,
E1086,Lausanne,2024,2.0,bus,0,0.0,Crissier,1023,9.8,38,M,2,1.0,152600
E1086,Lausanne,2025,4.0,bus,0,0.0,Crissier,1023,9.8,38,M,2,1.0,152600
E1087,Lausanne,2024,2.0,car,1,4.0,Bussigny,1030,13.6,47,F,2,1.0,70500
E1087,Lausanne,2025,4.0,car,1,4.0,Bussigny,1030,13.6,47,F,2,1.0,70500
E1088,Lausanne,2024,2.0,car,1,3.1,Morges,1110,11.8,35,M,0,1.0,86800
E1088,Lausanne,2025,4.0,car,1,2.2,Morges,1110,11.8,35,M,0,1.0,86800
E1089,Lausanne,2024,2.0,car,1,2.6,Froideville,1055,11.5,39,F,0,0.8,37600
E1089,Lausanne,2025,4.0,bus,0,0.0,Froideville,1055,11.5,39,F,0,0.8,37600
E1090,Lausanne,2024,2.0,car,1,4.7,Mezieres,1083,15.9,40,M,1,1.0,117500
E1090,Lausanne,2025,4.0,car,1,3.7,Mezieres,1083,15.9,40,M,1,1.0,117500
E1091,Lausanne,2024,2.0,car,1,2.4,Lausanne,1004,3.0,37,F,0,1.0,55700
E1091,Lausanne,2025,4.0,car,1,1.9,Lausanne,1004,3.0,37,F,0,1.0,
E1092,Lausanne,2024,2.0,car,1,4.4,Servion,1077,25.2,38,M,1,1.0,83700
E1092,Lausanne,2025,4.0,car,1,4.8,Servion,1077,25.2,38,M,1,1.0,83700
E1093,Lausanne,2024,2.0,car,1,3.5,Cheseaux-sur-Lausanne,1033,7.2,31,F,0,1.0,98500
E1093,Lausanne,2025,4.0,car,1,2.5,Cheseaux-sur-Lausanne,1033,7.2,31,F,0,1.0,98500
E1094,Lausanne,2024,2.0,car,1,5.0,Le Mont-sur-Lausanne,1052,7.0,42,F,0,1.0,128600
E1094,Lausanne,2025,4.0,car,1,3.5,Le Mont-sur-Lausanne,1052,7.0,42,F,0,1.0,128600
E1095,Lausanne,2024,2.0,bus,0,0.0,Le Mont-sur-Lausanne,1052,4.1,57,F,0,1.0,86700
E1095,Lausanne,2025,4.0,bus,0,0.0,Le Mont-sur-Lausanne,1052,4.1,57,F,0,1.0,86700
E1096,Lausanne,2024,2.0,bus,0,0.0,Morges,1110,16.2,64,M,0,1.0,103400
E1096,Lausanne,2025,4.0,bus,0,0.0,Morges,1110,16.2,64,M,0,1.0,103400
E1097,Lausanne,2024,2.0,car,1,4.4,Mezieres,1083,17.8,35,M,1,1.0,76400
E1097,Lausanne,2025,4.0,car,1,4.0,Mezieres,1083,17.8,35,M,1,1.0,76400
E1098,Lausanne,2024,2.0,bus,0,0.0,Renens,1020,5.2,35,F,2,1.0,46800
E1098,Lausanne,2025,4.0,bus,0,0.0,Renens,1020,5.2,35,F,2,1.0,
E1099,Lausanne,2024,2.0,bus,0,0.0,Bussigny,1030,9.8,46,M,2,1.0,78300
E1099,Lausanne,2025,4.0,bus,0,0.0,Bussigny,1030,9.8,46,M,2,1.0,78300
E1100,Lausanne,2024,2.0,bus,0,0.0,Cugy,1053,11.8,48,F,0,1.0,122100
E1100,Lausanne,2025,4.0,bus,0,0.0,Cugy,1053,11.8,48,F,0,1.0,122100
E1101,Lausanne,2024,2.0,car,1,3.4,Lausanne,1004,3.2,30,F,1,1.0,100300
E1101,Lausanne,2025,4.0,car,1,2.5,Lausanne,1004,3.2,30,F,1,1.0,100300
E1102,Lausanne,2024,2.0,car,1,3.0,Bussigny,1030,13.6,22,F,2,1.0,48300
E1102,Lausanne,2025,4.0,car,1,3.1,BUSSIGNY,1030,13.6,22,F,2,1.0,48300
E1103,Lausanne,2024,2.0,bus,0,0.0,Pully,1009,3.6,45,F,0,0.8,67400
E1103,Lausanne,2025,4.0,bus,0,0.0,Pully,1009,3.6,45,F,0,0.8,67400
E1104,Lausanne,2024,2.0,bus,0,0.0,LUTRY,1095,6.8,56,F,0,1.0,106500
E1104,Lausanne,2025,4.0,bus,0,0.0,Lutry,1095,6.8,56,F,0,1.0,106500
E1105,Lausanne,2024,2.0,bike,0,0.0,Lausanne,1004,2.4,57,M,2,1.0,153500
E1105,Lausanne,2025,4.0,bike,0,0.0,Lausanne,1004,2.4,57,M,2,1.0,153500
E1106,Lausanne,2024,2.0,car,1,2.5,Bussigny,1030,11.4,43,M,2,1.0,76900
E1106,Lausanne,2025,4.0,car,1,3.0,Bussigny,1030,11.4,43,M,2,1.0,76900
E1107,Lausanne,2024,2.0,car,1,3.2,Savigny,1073,8.9,57,M,0,1.0,137400
E1107,Lausanne,2025,4.0,car,1,2.9,Savigny,1073,8.9,57,M,0,1.0,137400
E1108,Lausanne,2024,2.0,car,1,2.8,Le Mont-sur-Lausanne,1052,9.3,41,M,0,1.0,145700
E1108,Lausanne,2025,4.0,bus,0,0.0,Le Mont-sur-Lausanne,1052,9.3,41,M,0,1.0,145700
E1109,Lausanne,2024,2.0,bus,0,0.0,Prilly,1008,4.1,29,F,0,1.0,87800
E1109,Lausanne,2025,4.0,bus,0,0.0,Prilly,1008,4.1,29,F,0,1.0,87800
E1110,Lausanne,2024,2.0,bus,0,0.0,Le Mont-sur-Lausanne,1052,7.5,42,M,2,1.0,131000
E1110,Lausanne,2025,4.0,bus,0,0.0,Le Mont-sur-Lausanne,1052,7.5,42,M,2,1.0,131000
E1111,Lausanne,2024,2.0,bus,0,0.0,Prilly,1008,3.4,53,M,0,0.8,112000
E1111,Lausanne,2025,4.0,bus,0,0.0,Prilly,1008,3.4,53,M,0,0.8,112000
E1112,Lausanne,2024,2.0,car,1,2.6,Le Mont-sur-Lausanne,1052,6.2,44,M,0,1.0,67800
E1112,Lausanne,2025,4.0,bus,0,0.0,Le Mont-sur-Lausanne,1052,6.2,44,M,0,1.0,
E1113,Lausanne,2024,2.0,bus,0,0.0,Lausanne,1004,3.4,37,M,2,1.0,94400
E1113,Lausanne,2025,4.0,bus,0,0.0,Lausanne,1004,3.4,37,M,2,1.0,94400
E1114,Lausanne,2024,2.0,bike,0,0.0,Renens,1020,4.4,43,M,1,1.0,89700
E1114,Lausanne,2025,4.0,bike,0,0.0,Renens,1020,4.4,43,M,1,1.0,89700
E1115,Lausanne,2024,2.0,car,1,2.7,Lausanne,1004,2.9,46,M,2,1.0,
E1115,Lausanne,2025,4.0,car,1,2.5,Lausanne,1004,2.9,46,M,2,1.0,79400
E1116,Lausanne,2024,2.0,bus,0,0.0,Lausanne,1004,4.0,44,M,1,1.0,123700
E1116,Lausanne,2025,4.0,bus,0,0.0,Lausanne,1004,4.0,44,M,1,1.0,123700
E1117,Lausanne,2024,2.0,bus,0,0.0,Morges,1110,16.3,46,M,0,1.0,148300
E1117,Lausanne,2025,4.0,bus,0,0.0,Morges,1110,16.3,46,M,0,1.0,148300
E1118,Lausanne,2024,2.0,bus,0,0.0,Renens,1020,5.5,47,M,1,1.0,75300
E1118,Lausanne,2025,4.0,bus,0,0.0,Renens,1020,5.5,47,M,1,1.0,75300
E1119,Lausanne,2024,2.0,bus,0,0.0,Crissier,1023,10.0,54,F,0,1.0,63700
E1119,Lausanne,2025,4.0,bus,0,0.0,Crissier,1023,10.0,54,F,0,1.0,63700
E1120,Lausanne,2024,2.0,bike,0,0.0,Le Mont-sur-Lausanne,1052,4.2,44,F,1,1.0,48000
E1120,Lausanne,2025,4.0,bike,0,0.0,Le Mont-sur-Lausanne,1052,4.2,44,F,1,1.0,48000
E1121,Lausanne,2024,2.0,car,1,4.5,Bottens,1041,15.8,41,M,0,1.0,158500
E1121,Lausanne,2025,4.0,car,1,4.3,BOTTENS,1041,15.8,41,M,0,1.0,158500
E1122,Lausanne,2024,2.0,car,1,3.3,Pully,1009,4.7,47,F,2,1.0,95200
E1122,Lausanne,2025,4.0,car,1,3.4,Pully,1009,4.7,47,F,2,1.0,95200
E1123,Lausanne,2024,2.0,bus,0,0.0,Prilly,1008,5.2,49,M,0,1.0,
E1123,Lausanne,2025,4.0,bus,0,0.0,Prilly,1008,5.2,49,M,0,1.0,103800
E1124,Lausanne,2024,2.0,bike,0,0.0,Prilly,1008,4.9,26,M,0,1.0,75100
E1124,Lausanne,2025,4.0,bike,0,0.0,Prilly,1008,4.9,26,M,0,1.0,75100
E1125,Lausanne,2024,2.0,bike,0,0.0,Lausanne,1004,3.7,54,F,0,1.0,152600
E1125,Lausanne,2025,4.0,bike,0,0.0,Lausanne,1004,3.7,54,F,0,1.0,152600
E1126,Lausanne,2024,2.0,bike,0,0.0,Le Mont-sur-Lausanne,1052,5.4,60,F,0,0.6,50300
E1126,Lausanne,2025,4.0,bike,0,0.0,Le Mont-sur-Lausanne,1052,5.4,60,F,0,0.6,
E1127,Lausanne,2024,2.0,car,1,4.3,Cugy,1053,11.1,43,M,0,1.0,97400
E1127,Lausanne,2025,4.0,car,1,3.5,Cugy,1053,11.1,43,M,0,1.0,97400
E1128,Lausanne,2024,2.0,car,1,2.4,Chavannes-pres-Renens,1022,8.5,49,F,0,0.8,53700
E1128,Lausanne,2025,4.0,bike,0,0.0,Chavannes-pres-Renens,1022,8.5,49,F,0,0.8,53700
E1129,Lausanne,2024,2.0,car,1,3.0,Morges,1110,16.4,36,F,0,1.0,78500
E1129,Lausanne,2025,4.0,car,1,2.4,Morges,1110,16.4,36,F,0,1.0,78500
E1130,Lausanne,2024,2.0,car,1,3.8,Corcelles-le-Jorat,1082,16.1,50,M,2,1.0,68000
E1130,Lausanne,2025,4.0,car,1,4.0,Corcelles-le-Jorat,1082,16.1,50,M,2,1.0,68000
E1131,Lausanne,2024,2.0,car,1,4.1,Epalinges,1066,5.3,34,M,2,1.0,78800
E1131,Lausanne,2025,4.0,car,1,3.2,Epalinges,1066,5.3,34,M,2,1.0,78800
E1132,Lausanne,2024,2.0,car,1,4.8,Lutry,1095,8.4,45,M,2,1.0,130900
E1132,Lausanne,2025,4.0,car,1,5.0,Lutry,1095,8.4,45,M,2,1.0,130900
E1133,Lausanne,2024,2.0,car,1,3.8,Froideville,1055,18.0,49,M,0,1.0,105700
E1133,Lausanne,2025,4.0,car,1,3.3,FROIDEVILLE,1055,18.0,49,M,0,1.0,105700
E1134,Lausanne,2024,2.0,bus,0,0.0,Renens,1020,5.6,35,F,2,1.0,52800
E1134,Lausanne,2025,4.0,bus,0,0.0,Renens,1020,5.6,35,F,2,1.0,52800
E1135,Lausanne,2024,2.0,bus,0,0.0,Le Mont-sur-Lausanne,1052,7.7,32,M,0,1.0,92000
E1135,Lausanne,2025,4.0,bus,0,0.0,Le Mont-sur-Lausanne,1052,7.7,32,M,0,1.0,92000
E1136,Lausanne,2024,2.0,bike,0,0.0,Romanel-sur-Lausanne,1032,4.2,39,M,0,1.0,70200
E1136,Lausanne,2025,4.0,bike,0,0.0,Romanel-sur-Lausanne,1032,4.2,39,M,0,1.0,70200
E1137,Lausanne,2024,2.0,car,1,4.0,Savigny,1073,11.4,37,F,2,1.0,125300
E1137,Lausanne,2025,4.0,car,1,3.7,Savigny,1073,11.4,37,F,2,1.0,125300
E1138,Lausanne,2024,2.0,bus,0,0.0,Prilly,1008,4.4,40,F,2,1.0,103000
E1138,Lausanne,2025,4.0,bus,0,0.0,Prilly,1008,4.4,40,F,2,1.0,103000
E1139,Lausanne,2024,2.0,car,1,4.4,Epalinges,1066,6.3,32,M,2,1.0,143000
E1139,Lausanne,2025,4.0,car,1,4.4,Epalinges,1066,6.3,32,M,2,1.0,143000
E1140,Lausanne,2024,2.0,car,1,2.8,Bussigny,1030,7.1,54,F,0,1.0,91800
E1140,Lausanne,2025,4.0,bus,0,0.0,Bussigny,1030,7.1,54,F,0,1.0,91800
E1141,Lausanne,2024,2.0,car,1,3.6,Ecublens,1024,9.8,40,M,0,1.0,75600
E1141,Lausanne,2025,4.0,car,1,2.6,Ecublens,1024,9.8,40,M,0,1.0,75600
E1142,Lausanne,2024,2.0,car,1,3.2,Lausanne,1004,3.2,47,M,0,1.0,96400
E1142,Lausanne,2025,4.0,car,1,3.1,Lausanne,1004,3.2,47,M,0,1.0,96400
E1143,Lausanne,2024,2.0,bus,0,0.0,Pully,1009,4.6,27,M,0,0.6,49200
E1143,Lausanne,2025,4.0,bus,0,0.0,Pully,1009,4.6,27,M,0,0.6,49200
E1144,Lausanne,2024,2.0,car,1,3.5,MONTPREVEYRES,1081,19.8,37,M,1,1.0,84200
E1144,Lausanne,2025,4.0,car,1,4.0,Montpreveyres,1081,19.8,37,M,1,1.0,84200
E1145,Lausanne,2024,2.0,bus,0,0.0,Renens,1020,3.7,59,F,0,1.0,83800
E1145,Lausanne,2025,4.0,bus,0,0.0,Renens,1020,3.7,59,F,0,1.0,83800
E1146,Lausanne,2024,2.0,bus,0,0.0,Lausanne,1004,2.7,34,F,2,0.6,34300
E1146,Lausanne,2025,4.0,bus,0,0.0,Lausanne,1004,2.7,34,F,2,0.6,34300
E1147,Lausanne,2024,2.0,bike,0,0.0,Pully,1009,5.9,46,M,0,1.0,125800
E1147,Lausanne,2025,4.0,bike,0,0.0,Pully,1009,5.9,46,M,0,1.0,125800
E1148,Lausanne,2024,2.0,bike,0,0.0,Lausanne,1004,3.2,64,F,1,1.0,140600
E1148,Lausanne,2025,4.0,bike,0,0.0,Lausanne,1004,3.2,64,F,1,1.0,140600
E1149,Lausanne,2024,2.0,bus,0,0.0,Renens,1020,4.8,43,F,1,1.0,98100
E1149,Lausanne,2025,4.0,bus,0,0.0,Renens,1020,4.8,43,F,1,1.0,98100
E1150,Lausanne,2024,2.0,car,1,4.3,MEZIERES,1083,17.5,58,M,1,1.0,76800
E1150,Lausanne,2025,4.0,car,1,4.3,Mezieres,1083,17.5,58,M,1,1.0,76800
E1151,Lausanne,2024,2.0,car,1,3.5,Prilly,1008,3.8,34,F,1,1.0,112500
E1151,Lausanne,2025,4.0,bus,0,0.0,Prilly,1008,3.8,34,F,1,1.0,112500
E1152,Lausanne,2024,2.0,car,1,2.3,Bussigny,1030,11.7,38,M,1,1.0,54400
E1152,Lausanne,2025,4.0,bus,0,0.0,Bussigny,1030,11.7,38,M,1,1.0,54400
E1153,Lausanne,2024,2.0,car,1,2.9,Renens,1020,4.7,42,M,1,1.0,70200
E1153,Lausanne,2025,4.0,bike,0,0.0,Renens,1020,4.7,42,M,1,1.0,70200
E1154,Lausanne,2024,2.0,car,1,5.0,Le Mont-sur-Lausanne,1052,6.8,38,F,2,1.0,102100
E1154,Lausanne,2025,4.0,car,1,4.5,Le Mont-sur-Lausanne,1052,6.8,38,F,2,1.0,102100
E1155,Lausanne,2024,2.0,bus,0,0.0,Lausanne,1004,2.1,46,M,1,1.0,97300
E1155,Lausanne,2025,4.0,bus,0,0.0,Lausanne,1004,2.1,46,M,1,1.0,97300
E1156,Lausanne,2024,2.0,bus,0,0.0,Cheseaux-sur-Lausanne,1033,11.2,25,M,0,1.0,75900
E1156,Lausanne,2025,4.0,bus,0,0.0,Cheseaux-sur-Lausanne,1033,11.2,25,M,0,1.0,75900
E1157,Lausanne,2024,2.0,car,1,4.4,Ecublens,1024,12.4,32,F,2,1.0,68300
E1157,Lausanne,2025,4.0,car,1,3.9,Ecublens,1024,12.4,32,F,2,1.0,68300
E1158,Lausanne,2024,2.0,bus,0,0.0,Lausanne,1004,3.3,56,F,0,1.0,91400
E1158,Lausanne,2025,4.0,bus,0,0.0,Lausanne,1004,3.3,56,F,0,1.0,91400
E1159,Lausanne,2024,2.0,car,1,2.1,Lutry,1095,7.9,44,F,0,0.6,93500
E1159,Lausanne,2025,4.0,car,1,2.0,Lutry,1095,7.9,44,F,0,0.6,93500
E1160,Lausanne,2024,2.0,car,1,3.7,Morges,1110,11.8,48,M,0,1.0,147100
E1160,Lausanne,2025,4.0,car,1,3.4,Morges,1110,11.8,48,M,0,1.0,147100
E1161,Lausanne,2024,2.0,car,1,2.7,Ecublens,1024,9.1,60,F,0,1.0,110100
E1161,Lausanne,2025,4.0,car,1,2.2,Ecublens,1024,9.1,60,F,0,1.0,110100
E1162,Lausanne,2024,2.0,bus,0,0.0,Renens,1020,4.4,25,F,0,1.0,50400
E1162,Lausanne,2025,4.0,bus,0,0.0,Renens,1020,4.4,25,F,0,1.0,50400
E1163,Lausanne,2024,2.0,car,1,3.7,Lutry,1095,6.9,22,F,0,1.0,109700
E1163,Lausanne,2025,4.0,car,1,3.6,Lutry,1095,6.9,22,F,0,1.0,109700
E1164,Lausanne,2024,2.0,car,1,3.1,Pully,1009,3.4,61,F,1,0.8,157600
E1164,Lausanne,2025,4.0,bike,0,0.0,Pully,1009,3.4,61,F,1,0.8,157600
E1165,Lausanne,2024,2.0,car,1,2.9,Lausanne,1004,3.1,29,M,0,1.0,97700
E1165,Lausanne,2025,4.0,car,1,2.3,Lausanne,1004,3.1,29,M,0,1.0,97700
E1166,Lausanne,2024,2.0,car,1,3.8,Montpreveyres,1081,15.2,44,F,2,1.0,72200
E1166,Lausanne,2025,4.0,car,1,3.9,Montpreveyres,1081,15.2,44,F,2,1.0,72200
E1167,Lausanne,2024,2.0,bus,0,0.0,Lausanne,1004,2.9,27,M,0,1.0,70300
E1167,Lausanne,2025,4.0,bus,0,0.0,Lausanne,1004,2.9,27,M,0,1.0,
E1168,Lausanne,2024,2.0,car,1,3.0,Lausanne,1004,3.0,22,M,0,1.0,108300
E1168,Lausanne,2025,4.0,car,1,2.2,Lausanne,1004,3.0,22,M,0,1.0,108300
E1169,Lausanne,2024,2.0,car,1,3.5,Chavannes-pres-Renens,1022,6.2,42,F,0,1.0,86300
E1169,Lausanne,2025,4.0,car,1,3.1,CHAVANNES PRES RENENS,1022,6.2,42,F,0,1.0,86300
E1170,Lausanne,2024,2.0,bus,0,0.0,Renens,1020,5.2,47,M,0,1.0,67600
E1170,Lausanne,2025,4.0,bus,0,0.0,Renens,1020,5.2,47,M,0,1.0,67600
E1171,Lausanne,2024,2.0,bus,0,0.0,Prilly,1008,3.3,35,F,2,1.0,112400
E1171,Lausanne,2025,4.0,bus,0,0.0,Prilly,1008,3.3,35,F,2,1.0,
E1172,Lausanne,2024,2.0,bus,0,0.0,Morges,1110,12.7,22,F,0,1.0,67400
E1172,Lausanne,2025,4.0,bus,0,0.0,Morges,1110,12.7,22,F,0,1.0,67400
E1173,Lausanne,2024,2.0,car,1,4.3,Corcelles-le-Jorat,1082,18.1,46,F,0,1.0,138200
E1173,Lausanne,2025,4.0,car,1,4.2,Corcelles-le-Jorat,1082,18.1,46,F,0,1.0,138200
E1174,Lausanne,2024,2.0,car,1,5.0,Servion,1077,14.7,62,M,2,1.0,219800
E1174,Lausanne,2025,4.0,car,1,5.0,Servion,1077,14.7,62,M,2,1.0,219800
E1175,Lausanne,2024,2.0,bus,0,0.0,Lausanne,1004,2.4,25,M,0,1.0,119300
E1175,Lausanne,2025,4.0,bus,0,0.0,Lausanne,1004,2.4,25,M,0,1.0,119300
E1176,Lausanne,2024,2.0,car,1,5.0,Savigny,1073,10.8,50,M,2,1.0,158200
E1176,Lausanne,2025,4.0,car,1,5.0,Savigny,1073,10.8,50,M,2,1.0,158200
E1177,Lausanne,2024,2.0,car,1,3.8,Lausanne,1004,2.7,46,M,2,1.0,98900
E1177,Lausanne,2025,4.0,car,1,3.0,Lausanne,1004,2.7,46,M,2,1.0,98900
E1178,Lausanne,2024,2.0,bus,0,0.0,Cugy,1053,10.5,24,M,0,1.0,58200
E1178,Lausanne,2025,4.0,bus,0,0.0,Cugy,1053,10.5,24,M,0,1.0,58200
E1179,Lausanne,2024,2.0,bus,0,0.0,Prilly,1008,3.7,53,F,0,1.0,79900
E1179,Lausanne,2025,4.0,bus,0,0.0,Prilly,1008,3.7,53,F,0,1.0,79900
E1180,Lausanne,2024,2.0,car,1,4.4,Romanel-sur-Lausanne,1032,5.9,45,M,2,1.0,75400
E1180,Lausanne,2025,4.0,car,1,4.5,Romanel-sur-Lausanne,1032,5.9,45,M,2,1.0,75400
E1181,Lausanne,2024,2.0,car,1,4.5,Romanel-sur-Lausanne,1032,5.6,41,F,2,1.0,80400
E1181,Lausanne,2025,4.0,car,1,3.3,Romanel-sur-Lausanne,1032,5.6,41,F,2,1.0,80400
E1182,Lausanne,2024,2.0,car,1,4.0,Savigny,1073,7.5,56,M,2,1.0,148600
E1182,Lausanne,2025,4.0,car,1,3.9,Savigny,1073,7.5,56,M,2,1.0,148600
E1183,Lausanne,2024,2.0,car,1,5.0,Ropraz,1088,20.5,43,F,2,1.0,71300
E1183,Lausanne,2025,4.0,car,1,4.1,Ropraz,1088,20.5,43,F,2,1.0,71300
E1184,Lausanne,2024,2.0,bus,0,0.0,Renens,1020,4.3,56,F,0,1.0,121600
E1184,Lausanne,2025,4.0,bus,0,0.0,Renens,1020,4.3,56,F,0,1.0,121600
E1185,Lausanne,2024,2.0,car,1,3.7,Le Mont-sur-Lausanne,1052,5.8,64,M,2,1.0,112200
E1185,Lausanne,2025,4.0,car,1,4.5,Le Mont-sur-Lausanne,1052,5.8,64,M,2,1.0,112200
E1186,Lausanne,2024,2.0,car,1,3.4,Lutry,1095,7.0,45,F,0,0.8,109600
E1186,Lausanne,2025,4.0,car,1,2.6,Lutry,1095,7.0,45,F,0,0.8,109600
E1187,Lausanne,2024,2.0,car,1,2.3,Lausanne,1004,3.4,47,F,0,1.0,129100
E1187,Lausanne,2025,4.0,car,1,1.7,Lausanne,1004,3.4,47,F,0,1.0,129100
E1188,Lausanne,2024,2.0,car,1,3.4,Le Mont-sur-Lausanne,1052,6.0,37,F,1,0.8,64900
E1188,Lausanne,2025,4.0,car,1,3.2,Le Mont-sur-Lausanne,1052,6.0,37,F,1,0.8,64900
E1189,Lausanne,2024,2.0,car,1,2.6,Prilly,1008,4.5,58,F,0,0.6,
E1189,Lausanne,2025,4.0,car,1,2.0,Prilly,1008,4.5,58,F,0,0.6,58800
E1190,Lausanne,2024,2.0,bike,0,0.0,Lausanne,1004,3.5,31,M,2,1.0,62200
E1190,Lausanne,2025,4.0,bike,0,0.0,Lausanne,1004,3.5,31,M,2,1.0,62200
E1191,Lausanne,2024,2.0,bus,0,0.0,Morges,1110,11.7,38,F,2,0.8,60500
E1191,Lausanne,2025,4.0,bus,0,0.0,Morges,1110,11.7,38,F,2,0.8,60500
E1192,Lausanne,2024,2.0,car,1,2.4,Chavannes-pres-Renens,1022,8.1,42,M,0,1.0,88600
E1192,Lausanne,2025,4.0,car,1,1.5,Chavannes-pres-Renens,1022,8.1,42,M,0,1.0,88600
E1193,Lausanne,2024,2.0,car,1,5.0,Morges,1110,13.5,41,F,2,1.0,101700
E1193,Lausanne,2025,4.0,car,1,3.9,Morges,1110,13.5,41,F,2,1.0,101700
E1194,Lausanne,2024,2.0,car,1,3.0,Le Mont-sur-Lausanne,1052,5.0,36,F,0,1.0,122800
E1194,Lausanne,2025,4.0,car,1,2.7,Le Mont-sur-Lausanne,1052,5.0,36,F,0,1.0,122800
E1195,Lausanne,2024,2.0,bus,0,0.0,Crissier,1023,6.9,52,F,0,0.6,46700
E1195,Lausanne,2025,4.0,bus,0,0.0,Crissier,1023,6.9,52,F,0,0.6,46700
E1196,Lausanne,2024,2.0,car,1,3.0,Mezieres,1083,18.3,40,F,0,0.8,71200
E1196,Lausanne,2025,4.0,car,1,2.9,Mezieres,1083,18.3,40,F,0,0.8,71200
E1197,Lausanne,2024,2.0,bike,0,0.0,Lausanne,1004,3.8,22,M,0,0.8,71400
E1197,Lausanne,2025,4.0,bike,0,0.0,Lausanne,1004,3.8,22,M,0,0.8,71400
E1198,Lausanne,2024,2.0,car,1,2.6,Prilly,1008,3.8,55,F,0,1.0,95000
E1198,Lausanne,2025,4.0,bike,0,0.0,Prilly,1008,3.8,55,F,0,1.0,95000
E1199,Lausanne,2024,2.0,bus,0,0.0,Pully,1009,6.6,60,F,1,1.0,140400
E1199,Lausanne,2025,4.0,bus,0,0.0,Pully,1009,6.6,60,F,1,1.0,140400
E1200,Lausanne,2024,2.0,car,1,3.9,Lutry,1095,9.2,37,F,0,1.0,71200
E1200,Lausanne,2025,4.0,car,1,3.0,Lutry,1095,9.2,37,F,0,1.0,71200
E1201,Lausanne,2024,2.0,car,1,3.3,Le Mont-sur-Lausanne,1052,4.1,57,F,0,1.0,93800
E1201,Lausanne,2025,4.0,car,1,2.5,LE MONT SUR LAUSANNE,1052,4.1,57,F,0,1.0,93800
E1202,Lausanne,2024,2.0,car,1,4.2,Renens,1020,4.1,38,F,1,1.0,107000
E1202,Lausanne,2025,4.0,car,1,3.1,Renens,1020,4.1,38,F,1,1.0,107000
E1203,Lausanne,2024,2.0,bike,0,0.0,Lutry,1095,8.9,33,M,1,1.0,66800
E1203,Lausanne,2025,4.0,bike,0,0.0,Lutry,1095,8.9,33,M,1,1.0,66800
E1204,Lausanne,2024,2.0,car,1,3.7,Lutry,1095,6.2,34,M,1,1.0,65500
E1204,Lausanne,2025,4.0,car,1,4.5,Lutry,1095,6.2,34,M,1,1.0,65500
E1205,Lausanne,2024,2.0,bus,0,0.0,Lutry,1095,8.7,59,M,0,1.0,150200
E1205,Lausanne,2025,4.0,bus,0,0.0,Lutry,1095,8.7,59,M,0,1.0,150200
E1206,Lausanne,2024,2.0,bus,0,0.0,Lausanne,1004,3.8,57,M,2,1.0,70200
E1206,Lausanne,2025,4.0,bus,0,0.0,Lausanne,1004,3.8,57,M,2,1.0,70200
E1207,Lausanne,2024,2.0,bus,0,0.0,Renens,1020,4.8,50,F,0,0.8,107500
E1207,Lausanne,2025,4.0,bus,0,0.0,Renens,1020,4.8,50,F,0,0.8,107500
E1208,Lausanne,2024,2.0,car,1,4.6,Froideville,1055,18.0,33,F,1,0.6,69800
E1208,Lausanne,2025,4.0,car,1,3.9,Froideville,1055,18.0,33,F,1,0.6,69800
E1209,Lausanne,2024,2.0,car,1,4.0,Bottens,1041,19.0,51,M,2,1.0,82600
E1209,Lausanne,2025,4.0,car,1,4.2,Bottens,1041,19.0,51,M,2,1.0,82600
E1210,Lausanne,2024,2.0,car,1,3.6,Renens,1020,4.9,32,F,2,1.0,74600
E1210,Lausanne,2025,4.0,car,1,3.2,Renens,1020,4.9,32,F,2,1.0,74600
E1211,Lausanne,2024,2.0,bus,0,0.0,Morges,1110,12.9,49,M,0,1.0,84200
E1211,Lausanne,2025,4.0,bus,0,0.0,Morges,1110,12.9,49,M,0,1.0,84200
E1212,Lausanne,2024,2.0,bus,0,0.0,Renens,1020,5.2,38,M,0,1.0,
E1212,Lausanne,2025,4.0,bus,0,0.0,Renens,1020,5.2,38,M,0,1.0,46300
E1213,Lausanne,2024,2.0,bus,0,0.0,Ecublens,1024,8.7,37,M,2,1.0,93500
E1213,Lausanne,2025,4.0,bus,0,0.0,Ecublens,1024,8.7,37,M,2,1.0,93500
E1214,Lausanne,2024,2.0,bike,0,0.0,Lausanne,1004,2.3,38,M,2,1.0,57100
E1214,Lausanne,2025,4.0,bike,0,0.0,Lausanne,1004,2.3,38,M,2,1.0,57100
E1215,Lausanne,2024,2.0,bus,0,0.0,Renens,1020,4.9,22,M,2,1.0,80600
E1215,Lausanne,2025,4.0,bus,0,0.0,Renens,1020,4.9,22,M,2,1.0,80600
E1216,Lausanne,2024,2.0,bus,0,0.0,Renens,1020,3.7,25,F,0,0.8,80900
E1216,Lausanne,2025,4.0,bus,0,0.0,Renens,1020,3.7,25,F,0,0.8,80900
E1217,Lausanne,2024,2.0,car,1,4.5,Mezieres,1083,16.9,41,M,2,1.0,97600
E1217,Lausanne,2025,4.0,car,1,5.0,Mezieres,1083,16.9,41,M,2,1.0,97600
E1218,Lausanne,2024,2.0,car,1,3.5,Bussigny,1030,9.6,32,F,2,1.0,
E1218,Lausanne,2025,4.0,car,1,3.2,Bussigny,1030,9.6,32,F,2,1.0,117900
E1219,Lausanne,2024,2.0,bike,0,0.0,Lausanne,1004,2.2,51,F,1,1.0,
E1219,Lausanne,2025,4.0,bike,0,0.0,Lausanne,1004,2.2,51,F,1,1.0,93700
E1220,Lausanne,2024,2.0,car,1,2.2,Ecublens,1024,6.4,55,F,0,1.0,126700
E1220,Lausanne,2025,4.0,car,1,2.0,Ecublens,1024,6.4,55,F,0,1.0,126700
E1221,Lausanne,2024,2.0,bike,0,0.0,Crissier,1023,6.5,27,M,0,1.0,98900
E1221,Lausanne,2025,4.0,bike,0,0.0,Crissier,1023,6.5,27,M,0,1.0,98900
E1222,Lausanne,2024,2.0,car,1,4.5,Le Mont-sur-Lausanne,1052,8.9,28,M,0,1.0,83200
E1222,Lausanne,2025,4.0,bus,0,0.0,Le Mont-sur-Lausanne,1052,8.9,28,M,0,1.0,83200
E1223,Lausanne,2024,2.0,car,1,4.1,Morges,1110,10.1,41,M,0,1.0,117900
E1223,Lausanne,2025,4.0,car,1,3.3,Morges,1110,10.1,41,M,0,1.0,117900
E1224,Lausanne,2024,2.0,bus,0,0.0,Ecublens,1024,8.2,62,F,0,0.6,68000
E1224,Lausanne,2025,4.0,bus,0,0.0,Ecublens,1024,8.2,62,F,0,0.6,68000
E1225,Lausanne,2024,2.0,bus,0,0.0,Prilly,1008,3.4,35,M,1,1.0,53400
E1225,Lausanne,2025,4.0,bus,0,0.0,Prilly,1008,3.4,35,M,1,1.0,53400
E1226,Lausanne,2024,2.0,bus,0,0.0,Morges,1110,12.2,48,M,0,1.0,87000
E1226,Lausanne,2025,4.0,bus,0,0.0,Morges,1110,12.2,48,M,0,1.0,87000
E1227,Lausanne,2024,2.0,car,1,3.7,Ropraz,1088,25.1,26,F,0,1.0,55400
E1227,Lausanne,2025,4.0,car,1,2.5,Ropraz,1088,25.1,26,F,0,1.0,55400
E1228,Lausanne,2024,2.0,car,1,2.6,Morges,1110,13.7,34,M,0,1.0,70800
E1228,Lausanne,2025,4.0,bus,0,0.0,Morges,1110,13.7,34,M,0,1.0,70800
E1229,Lausanne,2024,2.0,car,1,3.5,Froideville,1055,15.1,48,F,1,1.0,
E1229,Lausanne,2025,4.0,car,1,3.3,Froideville,1055,15.1,48,F,1,1.0,77400
E1230,Lausanne,2024,2.0,car,1,4.4,Lausanne,1004,3.3,40,M,2,1.0,126200
E1230,Lausanne,2025,4.0,car,1,4.1,Lausanne,1004,3.3,40,M,2,1.0,126200
E1231,Lausanne,2024,2.0,bus,0,0.0,Lausanne,1004,3.3,48,M,0,1.0,81300
E1231,Lausanne,2025,4.0,bus,0,0.0,Lausanne,1004,3.3,48,M,0,1.0,81300
E1232,Lausanne,2024,2.0,car,1,4.6,Savigny,1073,8.1,44,M,2,1.0,134400
E1232,Lausanne,2025,4.0,car,1,4.8,Savigny,1073,8.1,44,M,2,1.0,134400
E1233,Lausanne,2024,2.0,car,1,4.8,Morges,1110,13.9,43,M,1,1.0,165700
E1233,Lausanne,2025,4.0,car,1,3.7,Morges,1110,13.9,43,M,1,1.0,165700
E1234,Lausanne,2024,2.0,car,1,4.9,Chavannes-pres-Renens,1022,6.9,42,F,2,1.0,77000
E1234,Lausanne,2025,4.0,car,1,3.9,Chavannes-pres-Renens,1022,6.9,42,F,2,1.0,77000
E1235,Lausanne,2024,2.0,car,1,3.1,Pully,1009,5.4,57,F,0,1.0,109800
E1235,Lausanne,2025,4.0,bus,0,0.0,Pully,1009,5.4,57,F,0,1.0,109800
E1236,Lausanne,2024,2.0,bus,0,0.0,Prilly,1008,4.6,42,F,0,0.8,74600
E1236,Lausanne,2025,4.0,bus,0,0.0,Prilly,1008,4.6,42,F,0,0.8,74600
E1237,Lausanne,2024,2.0,car,1,4.7,Epalinges,1066,6.5,51,M,2,1.0,78200
E1237,Lausanne,2025,4.0,car,1,4.4,Epalinges,1066,6.5,51,M,2,1.0,78200
E1238,Lausanne,2024,2.0,bus,0,0.0,Pully,1009,5.7,40,F,1,1.0,83200
E1238,Lausanne,2025,4.0,bus,0,0.0,Pully,1009,5.7,40,F,1,1.0,83200
E1239,Lausanne,2024,2.0,car,1,3.0,Ecublens,1024,6.5,44,F,2,1.0,92900
E1239,Lausanne,2025,4.0,bus,0,0.0,Ecublens,1024,6.5,44,F,2,1.0,92900
E1240,Lausanne,2024,2.0,car,1,4.0,Lutry,1095,8.7,32,M,0,1.0,58200
E1240,Lausanne,2025,4.0,car,1,3.0,Lutry,1095,8.7,32,M,0,1.0,58200
E1241,Lausanne,2024,2.0,car,1,3.7,Corcelles-le-Jorat,1082,18.6,22,F,0,1.0,93000
E1241,Lausanne,2025,4.0,car,1,4.1,Corcelles-le-Jorat,1082,18.6,22,F,0,1.0,93000
E1242,Lausanne,2024,2.0,car,1,3.6,Vulliens,1085,23.6,38,F,1,1.0,89500
E1242,Lausanne,2025,4.0,car,1,4.2,Vulliens,1085,23.6,38,F,1,1.0,89500
E1243,Lausanne,2024,2.0,bus,0,0.0,Chavannes-pres-Renens,1022,8.8,44,F,0,1.0,115700
E1243,Lausanne,2025,4.0,bus,0,0.0,Chavannes-pres-Renens,1022,8.8,44,F,0,1.0,115700
E1244,Lausanne,2024,2.0,bike,0,0.0,Lausanne,1004,2.7,38,M,0,1.0,77400
E1244,Lausanne,2025,4.0,bike,0,0.0,Lausanne,1004,2.7,38,M,0,1.0,77400
E1245,Lausanne,2024,2.0,car,1,3.8,Lausanne,1004,2.7,48,M,1,1.0,96500
E1245,Lausanne,2025,4.0,car,1,3.6,Lausanne,1004,2.7,48,M,1,1.0,96500
E1246,Lausanne,2024,2.0,car,1,3.3,Crissier,1023,5.5,35,M,2,0.6,65200
E1246,Lausanne,2025,4.0,bus,0,0.0,Crissier,1023,5.5,35,M,2,0.6,65200
E1247,Lausanne,2024,2.0,bus,0,0.0,Lausanne,1004,2.8,29,F,0,0.8,102000
E1247,Lausanne,2025,4.0,bus,0,0.0,Lausanne,1004,2.8,29,F,0,0.8,102000
E1248,Lausanne,2024,2.0,bike,0,0.0,Lausanne,1004,3.6,28,M,0,0.8,81500
E1248,Lausanne,2025,4.0,bike,0,0.0,Lausanne,1004,3.6,28,M,0,0.8,81500
E1249,Lausanne,2024,2.0,bus,0,0.0,Renens,1020,3.7,49,F,0,0.8,
E1249,Lausanne,2025,4.0,bus,0,0.0,Renens,1020,3.7,49,F,0,0.8,80800
E1250,Lausanne,2024,2.0,car,1,5.0,Vulliens,1085,25.1,34,F,2,1.0,118900
E1250,Lausanne,2025,4.0,car,1,4.8,Vulliens,1085,25.1,34,F,2,1.0,118900
E1251,Lausanne,2024,2.0,car,1,2.2,Lausanne,1004,1.9,43,M,0,1.0,119700
E1251,Lausanne,2025,4.0,car,1,1.8,Lausanne,1004,1.9,43,M,0,1.0,119700
E1252,Lausanne,2024,2.0,car,1,2.1,Lausanne,1004,2.6,28,M,0,1.0,44300
E1252,Lausanne,2025,4.0,car,1,1.7,Lausanne,1004,2.6,28,M,0,1.0,44300
E1253,Lausanne,2024,2.0,car,1,5.0,Mezieres,1083,19.5,34,F,1,1.0,86300
E1253,Lausanne,2025,4.0,car,1,4.1,Mezieres,1083,19.5,34,F,1,1.0,86300
E1254,Lausanne,2024,2.0,bus,0,0.0,Bussigny,1030,9.1,42,F,1,1.0,91400
E1254,Lausanne,2025,4.0,bus,0,0.0,Bussigny,1030,9.1,42,F,1,1.0,91400
E1255,Lausanne,2024,2.0,car,1,3.6,Lutry,1095,6.4,53,F,0,1.0,155900
E1255,Lausanne,2025,4.0,car,1,2.5,Lutry,1095,6.4,53,F,0,1.0,155900
E1256,Lausanne,2024,2.0,bike,0,0.0,Pully,1009,4.7,32,M,0,1.0,120700
E1256,Lausanne,2025,4.0,bike,0,0.0,Pully,1009,4.7,32,M,0,1.0,120700
E1257,Lausanne,2024,2.0,car,1,3.5,Servion,1077,23.9,28,M,0,1.0,70700
E1257,Lausanne,2025,4.0,car,1,3.3,Servion,1077,23.9,28,M,0,1.0,70700
E1258,Lausanne,2024,2.0,car,1,5.0,Ropraz,1088,27.5,42,M,1,1.0,88900
E1258,Lausanne,2025,4.0,car,1,5.0,Ropraz,1088,27.5,42,M,1,1.0,
E1259,Lausanne,2024,2.0,car,1,2.4,Morges,1110,17.1,44,M,0,0.8,63600
E1259,Lausanne,2025,4.0,bus,0,0.0,Morges,1110,17.1,44,M,0,0.8,63600
E1260,Lausanne,2024,2.0,car,1,4.3,Vulliens,1085,27.1,38,M,0,1.0,98700
E1260,Lausanne,2025,4.0,car,1,3.7,Vulliens,1085,27.1,38,M,0,1.0,98700
E1261,Lausanne,2024,2.0,bus,0,0.0,Crissier,1023,7.5,54,M,0,1.0,103900
E1261,Lausanne,2025,4.0,bus,0,0.0,Crissier,1023,7.5,54,M,0,1.0,103900
E1262,Lausanne,2024,2.0,car,1,2.8,Ecublens,1024,9.6,25,F,0,1.0,70900
E1262,Lausanne,2025,4.0,bike,0,0.0,Ecublens,1024,9.6,25,F,0,1.0,70900
E1263,Lausanne,2024,2.0,bus,0,0.0,Cheseaux-sur-Lausanne,1033,7.3,34,F,0,1.0,126800
E1263,Lausanne,2025,4.0,bus,0,0.0,Cheseaux-sur-Lausanne,1033,7.3,34,F,0,1.0,126800
E1264,Lausanne,2024,2.0,car,1,2.8,Le Mont-sur-Lausanne,1052,5.0,42,F,0,1.0,121900
E1264,Lausanne,2025,4.0,car,1,3.0,Le Mont-sur-Lausanne,1052,5.0,42,F,0,1.0,121900
E1265,Lausanne,2024,2.0,bus,0,0.0,Lausanne,1004,3.8,33,F,0,1.0,99000
E1265,Lausanne,2025,4.0,bus,0,0.0,Lausanne,1004,3.8,33,F,0,1.0,99000
E1266,Lausanne,2024,2.0,bus,0,0.0,Crissier,1023,8.2,46,M,2,1.0,91900
E1266,Lausanne,2025,4.0,bus,0,0.0,Crissier,1023,8.2,46,M,2,1.0,91900
E1267,Lausanne,2024,2.0,bus,0,0.0,Lausanne,1004,3.5,42,M,2,1.0,81800
E1267,Lausanne,2025,4.0,bus,0,0.0,Lausanne,1004,3.5,42,M,2,1.0,81800
E1268,Lausanne,2024,2.0,car,1,4.8,BOTTENS,1041,15.6,40,M,2,1.0,93800
E1268,Lausanne,2025,4.0,car,1,3.9,Bottens,1041,15.6,40,M,2,1.0,93800
E1269,Lausanne,2024,2.0,car,1,3.8,Morges,1110,11.2,64,M,0,1.0,141100
E1269,Lausanne,2025,4.0,car,1,3.4,Morges,1110,11.2,64,M,0,1.0,141100
E1270,Lausanne,2024,2.0,bus,0,0.0,Lausanne,1004,2.5,32,M,1,1.0,
E1270,Lausanne,2025,4.0,bus,0,0.0,Lausanne,1004,2.5,32,M,1,1.0,85100
E1271,Lausanne,2024,2.0,car,1,5.0,Servion,1077,23.7,40,M,2,1.0,92300
E1271,Lausanne,2025,4.0,car,1,5.0,Servion,1077,23.7,40,M,2,1.0,92300
E1272,Lausanne,2024,2.0,car,1,4.0,Vulliens,1085,29.2,47,F,2,1.0,98100
E1272,Lausanne,2025,4.0,car,1,4.3,Vulliens,1085,29.2,47,F,2,1.0,98100
E1273,Lausanne,2024,2.0,car,1,3.4,Lutry,1095,6.5,35,M,2,0.8,122600
E1273,Lausanne,2025,4.0,car,1,3.6,Lutry,1095,6.5,35,M,2,0.8,122600
E1274,Lausanne,2024,2.0,bus,0,0.0,Ecublens,1024,7.0,44,F,0,1.0,66800
E1274,Lausanne,2025,4.0,bus,0,0.0,Ecublens,1024,7.0,44,F,0,1.0,66800
E1275,Lausanne,2024,2.0,car,1,2.8,Bussigny,1030,9.8,51,F,0,0.8,60500
E1275,Lausanne,2025,4.0,car,1,2.2,Bussigny,1030,9.8,51,F,0,0.8,60500
E1276,Lausanne,2024,2.0,bus,0,0.0,Lausanne,1004,3.5,44,M,0,1.0,41900
E1276,Lausanne,2025,4.0,bus,0,0.0,Lausanne,1004,3.5,44,M,0,1.0,
E1277,Lausanne,2024,2.0,bike,0,0.0,Lausanne,1004,2.8,50,F,0,1.0,99000
E1277,Lausanne,2025,4.0,bike,0,0.0,Lausanne,1004,2.8,50,F,0,1.0,99000
E1278,Lausanne,2024,2.0,bus,0,0.0,Prilly,1008,3.4,38,F,2,1.0,57900
E1278,Lausanne,2025,4.0,bus,0,0.0,Prilly,1008,3.4,38,F,2,1.0,57900
E1279,Lausanne,2024,2.0,bus,0,0.0,Ecublens,1024,9.6,40,M,0,1.0,52700
E1279,Lausanne,2025,4.0,bus,0,0.0,Ecublens,1024,9.6,40,M,0,1.0,52700
E1280,Lausanne,2024,2.0,car,1,4.9,Lutry,1095,8.9,61,F,1,1.0,135200
E1280,Lausanne,2025,4.0,car,1,4.5,Lutry,1095,8.9,61,F,1,1.0,135200
E1281,Lausanne,2024,2.0,bike,0,0.0,Lausanne,1004,2.6,47,F,2,1.0,70700
E1281,Lausanne,2025,4.0,bike,0,0.0,Lausanne,1004,2.6,47,F,2,1.0,70700
E1282,Lausanne,2024,2.0,bus,0,0.0,Lausanne,1004,2.7,52,M,0,1.0,135800
E1282,Lausanne,2025,4.0,bus,0,0.0,Lausanne,1004,2.7,52,M,0,1.0,135800
E1283,Lausanne,2024,2.0,car,1,5.0,Epalinges,1066,7.3,36,F,2,1.0,148500
E1283,Lausanne,2025,4.0,car,1,4.1,Epalinges,1066,7.3,36,F,2,1.0,148500
E1284,Lausanne,2024,2.0,bus,0,0.0,Froideville,1055,11.1,40,F,1,0.8,84600
E1284,Lausanne,2025,4.0,bus,0,0.0,Froideville,1055,11.1,40,F,1,0.8,84600
E1285,Lausanne,2024,2.0,car,1,3.6,Bottens,1041,14.2,54,M,0,1.0,93500
E1285,Lausanne,2025,4.0,car,1,3.7,Bottens,1041,14.2,54,M,0,1.0,93500
E1286,Lausanne,2024,2.0,car,1,4.8,Lutry,1095,8.7,43,F,2,1.0,78500
E1286,Lausanne,2025,4.0,car,1,3.6,Lutry,1095,8.7,43,F,2,1.0,78500
E1287,Lausanne,2024,2.0,car,1,4.6,Ropraz,1088,21.6,30,M,0,1.0,57800
E1287,Lausanne,2025,4.0,car,1,4.1,Ropraz,1088,21.6,30,M,0,1.0,57800
E1288,Lausanne,2024,2.0,bus,0,0.0,Crissier,1023,8.3,33,M,1,0.6,
E1288,Lausanne,2025,4.0,bus,0,0.0,Crissier,1023,8.3,33,M,1,0.6,37300
E1289,Lausanne,2024,2.0,bus,0,0.0,Lutry,1095,5.9,42,M,0,1.0,107700
E1289,Lausanne,2025,4.0,bus,0,0.0,Lutry,1095,5.9,42,M,0,1.0,107700
E1290,Lausanne,2024,2.0,bus,0,0.0,Ecublens,1024,8.0,58,F,0,1.0,95300
E1290,Lausanne,2025,4.0,bus,0,0.0,Ecublens,1024,8.0,58,F,0,1.0,95300
E1291,Lausanne,2024,2.0,bus,0,0.0,Pully,1009,5.3,48,F,0,1.0,186300
E1291,Lausanne,2025,4.0,bus,0,0.0,Pully,1009,5.3,48,F,0,1.0,186300
E1292,Lausanne,2024,2.0,car,1,4.0,Mezieres,1083,19.1,35,F,2,0.8,80200
E1292,Lausanne,2025,4.0,car,1,3.7,Mezieres,1083,19.1,35,F,2,0.8,80200
E1293,Lausanne,2024,2.0,car,1,2.6,Ecublens,1024,8.9,42,M,1,1.0,156000
E1293,Lausanne,2025,4.0,car,1,2.2,Ecublens,1024,8.9,42,M,1,1.0,156000
E1294,Lausanne,2024,2.0,car,1,5.0,Lutry,1095,6.5,43,M,2,1.0,130200
E1294,Lausanne,2025,4.0,car,1,5.0,Lutry,1095,6.5,43,M,2,1.0,130200
E1295,Lausanne,2024,2.0,bus,0,0.0,Crissier,1023,9.1,26,M,0,1.0,59200
E1295,Lausanne,2025,4.0,bus,0,0.0,Crissier,1023,9.1,26,M,0,1.0,59200
E1296,Lausanne,2024,2.0,car,1,3.0,Lausanne,1004,3.3,42,F,2,1.0,
E1296,Lausanne,2025,4.0,bike,0,0.0,Lausanne,1004,3.3,42,F,2,1.0,73200
E1297,Lausanne,2024,2.0,bike,0,0.0,Lausanne,1004,3.3,39,M,2,1.0,88300
E1297,Lausanne,2025,4.0,bike,0,0.0,Lausanne,1004,3.3,39,M,2,1.0,88300
E1298,Lausanne,2024,2.0,bike,0,0.0,Crissier,1023,6.3,41,M,0,1.0,99500
E1298,Lausanne,2025,4.0,bike,0,0.0,Crissier,1023,6.3,41,M,0,1.0,99500
E1299,Lausanne,2024,2.0,car,1,3.1,Epalinges,1066,6.2,33,M,2,1.0,146300
E1299,Lausanne,2025,4.0,car,1,3.6,Epalinges,1066,6.2,33,M,2,1.0,146300
E1300,Lausanne,2024,2.0,car,1,2.7,Lutry,1095,10.2,46,F,0,1.0,101900
E1300,Lausanne,2025,4.0,bus,0,0.0,Lutry,1095,10.2,46,F,0,1.0,101900
E1301,Lausanne,2024,2.0,bus,0,0.0,Prilly,1008,4.0,38,F,0,0.6,43800
E1301,Lausanne,2025,4.0,bus,0,0.0,Prilly,1008,4.0,38,F,0,0.6,43800
E1302,Lausanne,2024,2.0,car,1,3.2,Lausanne,1004,3.1,35,F,2,1.0,
E1302,Lausanne,2025,4.0,car,1,3.3,Lausanne,1004,3.1,35,F,2,1.0,85400
E1303,Lausanne,2024,2.0,bus,0,0.0,Morges,1110,13.8,61,F,0,1.0,173000
E1303,Lausanne,2025,4.0,bus,0,0.0,Morges,1110,13.8,61,F,0,1.0,173000
E1304,Lausanne,2024,2.0,car,1,2.9,Lausanne,1004,2.2,39,F,1,1.0,75000
E1304,Lausanne,2025,4.0,bike,0,0.0,Lausanne,1004,2.2,39,F,1,1.0,
E1305,Lausanne,2024,2.0,bike,0,0.0,Prilly,1008,3.9,29,M,0,1.0,89400
E1305,Lausanne,2025,4.0,bike,0,0.0,PRILLY,1008,3.9,29,M,0,1.0,89400
E1306,Lausanne,2024,2.0,bus,0,0.0,Morges,1110,14.7,55,F,0,1.0,82100
E1306,Lausanne,2025,4.0,bus,0,0.0,Morges,1110,14.7,55,F,0,1.0,82100
E1307,Lausanne,2024,2.0,bus,0,0.0,Pully,1009,4.6,56,M,0,1.0,147100
E1307,Lausanne,2025,4.0,bus,0,0.0,Pully,1009,4.6,56,M,0,1.0,147100
E1308,Lausanne,2024,2.0,car,1,3.7,Chavannes-pres-Renens,1022,6.9,33,F,1,1.0,82300
E1308,Lausanne,2025,4.0,car,1,2.6,Chavannes-pres-Renens,1022,6.9,33,F,1,1.0,82300
E1309,Lausanne,2024,2.0,bike,0,0.0,Lausanne,1004,3.0,38,F,1,0.8,78800
E1309,Lausanne,2025,4.0,bike,0,0.0,Lausanne,1004,3.0,38,F,1,0.8,78800
E1310,Lausanne,2024,2.0,bus,0,0.0,Lausanne,1004,2.3,41,F,1,0.6,75200
E1310,Lausanne,2025,4.0,bus,0,0.0,Lausanne,1004,2.3,41,F,1,0.6,75200
E1311,Lausanne,2024,2.0,car,1,4.1,Savigny,1073,13.9,38,F,2,1.0,102800
E1311,Lausanne,2025,4.0,car,1,4.4,Savigny,1073,13.9,38,F,2,1.0,102800
E1312,Lausanne,2024,2.0,bus,0,0.0,Crissier,1023,5.5,28,M,0,1.0,93100
E1312,Lausanne,2025,4.0,bus,0,0.0,Crissier,1023,5.5,28,M,0,1.0,93100
E1313,Lausanne,2024,2.0,car,1,5.0,Froideville,1055,15.1,31,F,2,1.0,62300
E1313,Lausanne,2025,4.0,car,1,4.6,Froideville,1055,15.1,31,F,2,1.0,62300
E1314,Lausanne,2024,2.0,car,1,3.7,Savigny,1073,11.7,64,M,0,1.0,104900
E1314,Lausanne,2025,4.0,bus,0,0.0,Savigny,1073,11.7,64,M,0,1.0,104900
E1315,Lausanne,2024,2.0,bus,0,0.0,Lausanne,1004,2.8,36,M,0,1.0,84900
E1315,Lausanne,2025,4.0,bus,0,0.0,Lausanne,1004,2.8,36,M,0,1.0,84900
E1316,Lausanne,2024,2.0,car,1,2.4,Pully,1009,5.1,37,F,1,1.0,94300
E1316,Lausanne,2025,4.0,bike,0,0.0,Pully,1009,5.1,37,F,1,1.0,94300
E1317,Lausanne,2024,2.0,car,1,2.6,Crissier,1023,8.0,50,F,0,1.0,151000
E1317,Lausanne,2025,4.0,car,1,2.3,Crissier,1023,8.0,50,F,0,1.0,151000
E1318,Lausanne,2024,2.0,bike,0,0.0,Lausanne,1004,3.5,37,F,1,1.0,100800
E1318,Lausanne,2025,4.0,bike,0,0.0,Lausanne,1004,3.5,37,F,1,1.0,100800
E1319,Lausanne,2024,2.0,bus,0,0.0,Lausanne,1004,2.8,36,M,2,1.0,127700
E1319,Lausanne,2025,4.0,bus,0,0.0,Lausanne,1004,2.8,36,M,2,1.0,127700
E1320,Lausanne,2024,2.0,car,1,4.1,Savigny,1073,11.6,32,M,1,1.0,114700
E1320,Lausanne,2025,4.0,car,1,3.6,Savigny,1073,11.6,32,M,1,1.0,114700
E1321,Lausanne,2024,2.0,bus,0,0.0,Cugy,1053,8.6,48,M,0,1.0,140300
E1321,Lausanne,2025,4.0,bus,0,0.0,Cugy,1053,8.6,48,M,0,1.0,140300
E1322,Lausanne,2024,2.0,bike,0,0.0,Pully,1009,3.8,44,F,1,0.6,60700
E1322,Lausanne,2025,4.0,bike,0,0.0,Pully,1009,3.8,44,F,1,0.6,60700
E1323,Lausanne,2024,2.0,bus,0,0.0,Epalinges,1066,7.1,53,M,1,1.0,159600
E1323,Lausanne,2025,4.0,bus,0,0.0,Epalinges,1066,7.1,53,M,1,1.0,159600
E1324,Lausanne,2024,2.0,bus,0,0.0,Crissier,1023,5.7,38,M,0,1.0,74700
E1324,Lausanne,2025,4.0,bus,0,0.0,Crissier,1023,5.7,38,M,0,1.0,74700
E1325,Lausanne,2024,2.0,bike,0,0.0,Lutry,1095,7.0,55,M,0,1.0,121100
E1325,Lausanne,2025,4.0,bike,0,0.0,Lutry,1095,7.0,55,M,0,1.0,121100
E1326,Lausanne,2024,2.0,bus,0,0.0,Prilly,1008,4.3,44,F,1,0.8,36000
E1326,Lausanne,2025,4.0,bus,0,0.0,Prilly,1008,4.3,44,F,1,0.8,36000
E1327,Lausanne,2024,2.0,car,1,3.2,CHAVANNES PRES RENENS,1022,5.5,37,F,0,1.0,83500
E1327,Lausanne,2025,4.0,bike,0,0.0,Chavannes-pres-Renens,1022,5.5,37,F,0,1.0,83500
E1328,Lausanne,2024,2.0,car,1,3.3,Froideville,1055,15.3,47,F,0,1.0,122700
E1328,Lausanne,2025,4.0,car,1,2.9,Froideville,1055,15.3,47,F,0,1.0,122700
E1329,Lausanne,2024,2.0,car,1,3.7,Cugy,1053,8.6,46,F,1,1.0,
E1329,Lausanne,2025,4.0,car,1,3.3,Cugy,1053,8.6,46,F,1,1.0,124600
E1330,Lausanne,2024,2.0,bus,0,0.0,Prilly,1008,3.3,45,F,0,1.0,94600
E1330,Lausanne,2025,4.0,bus,0,0.0,Prilly,1008,3.3,45,F,0,1.0,94600
E1331,Lausanne,2024,2.0,car,1,3.2,Bottens,1041,13.5,35,F,1,0.6,43000
E1331,Lausanne,2025,4.0,car,1,2.3,Bottens,1041,13.5,35,F,1,0.6,43000
E1332,Lausanne,2024,2.0,bike,0,0.0,Pully,1009,4.3,41,F,0,1.0,55100
E1332,Lausanne,2025,4.0,bike,0,0.0,Pully,1009,4.3,41,F,0,1.0,55100
E1333,Lausanne,2024,2.0,car,1,4.1,EPALINGES,1066,6.3,40,M,2,1.0,82600
E1333,Lausanne,2025,4.0,car,1,3.6,Epalinges,1066,6.3,40,M,2,1.0,82600
E1334,Lausanne,2024,2.0,car,1,3.9,Romanel-sur-Lausanne,1032,7.7,50,M,1,1.0,104000
E1334,Lausanne,2025,4.0,car,1,3.3,Romanel-sur-Lausanne,1032,7.7,50,M,1,1.0,104000
E1335,Lausanne,2024,2.0,bus,0,0.0,Pully,1009,5.6,55,M,0,1.0,157900
E1335,Lausanne,2025,4.0,bus,0,0.0,Pully,1009,5.6,55,M,0,1.0,157900
E1336,Lausanne,2024,2.0,car,1,4.0,Cugy,1053,10.9,51,F,0,1.0,153100
E1336,Lausanne,2025,4.0,car,1,3.9,Cugy,1053,10.9,51,F,0,1.0,153100
E1337,Lausanne,2024,2.0,bike,0,0.0,Chavannes-pres-Renens,1022,6.3,50,M,0,0.8,100100
E1337,Lausanne,2025,4.0,bike,0,0.0,Chavannes-pres-Renens,1022,6.3,50,M,0,0.8,100100
E1338,Lausanne,2024,2.0,car,1,3.5,Montpreveyres,1081,15.3,53,M,0,1.0,83900
E1338,Lausanne,2025,4.0,car,1,3.0,Montpreveyres,1081,15.3,53,M,0,1.0,83900
E1339,Lausanne,2024,2.0,car,1,4.2,Servion,1077,20.3,55,F,0,1.0,91600
E1339,Lausanne,2025,4.0,car,1,3.9,Servion,1077,20.3,55,F,0,1.0,91600
E1340,Lausanne,2024,2.0,car,1,5.0,Froideville,1055,13.8,38,F,2,1.0,60300
E1340,Lausanne,2025,4.0,car,1,4.5,Froideville,1055,13.8,38,F,2,1.0,60300
E1341,Lausanne,2024,2.0,car,1,3.7,Mezieres,1083,18.4,31,F,2,1.0,45400
E1341,Lausanne,2025,4.0,car,1,4.2,Mezieres,1083,18.4,31,F,2,1.0,45400
E1342,Lausanne,2024,2.0,bus,0,0.0,Lausanne,1004,2.4,44,F,0,1.0,70600
E1342,Lausanne,2025,4.0,bus,0,0.0,Lausanne,1004,2.4,44,F,0,1.0,70600
E1343,Lausanne,2024,2.0,bus,0,0.0,Le Mont-sur-Lausanne,1052,8.2,57,M,0,1.0,103100
E1343,Lausanne,2025,4.0,bus,0,0.0,Le Mont-sur-Lausanne,1052,8.2,57,M,0,1.0,103100
E1344,Lausanne,2024,2.0,bus,0,0.0,Lutry,1095,6.3,30,M,0,1.0,82200
E1344,Lausanne,2025,4.0,bus,0,0.0,Lutry,1095,6.3,30,M,0,1.0,82200
E1345,Lausanne,2024,2.0,car,1,3.0,Crissier,1023,6.8,33,F,1,1.0,97200
E1345,Lausanne,2025,4.0,car,1,3.0,Crissier,1023,6.8,33,F,1,1.0,97200
E1346,Lausanne,2024,2.0,bus,0,0.0,Crissier,1023,8.1,43,M,0,1.0,138300
E1346,Lausanne,2025,4.0,bus,0,0.0,Crissier,1023,8.1,43,M,0,1.0,138300
E1347,Lausanne,2024,2.0,bike,0,0.0,Lausanne,1004,2.6,37,F,1,0.8,
E1347,Lausanne,2025,4.0,bike,0,0.0,Lausanne,1004,2.6,37,F,1,0.8,52900
E1348,Lausanne,2024,2.0,bike,0,0.0,Lausanne,1004,3.6,52,M,1,1.0,165100
E1348,Lausanne,2025,4.0,bike,0,0.0,Lausanne,1004,3.6,52,M,1,1.0,165100
E1349,Lausanne,2024,2.0,car,1,2.8,Cheseaux-sur-Lausanne,1033,6.9,43,M,0,1.0,62700
E1349,Lausanne,2025,4.0,car,1,1.9,Cheseaux-sur-Lausanne,1033,6.9,43,M,0,1.0,62700
E1350,Lausanne,2024,2.0,car,1,4.7,Lausanne,1004,2.6,51,M,2,1.0,114600
E1350,Lausanne,2025,4.0,car,1,4.3,Lausanne,1004,2.6,51,M,2,1.0,114600
E1351,Lausanne,2024,2.0,bike,0,0.0,Romanel-sur-Lausanne,1032,3.9,45,M,0,1.0,120300
E1351,Lausanne,2025,4.0,bike,0,0.0,Romanel-sur-Lausanne,1032,3.9,45,M,0,1.0,120300
E1352,Lausanne,2024,2.0,bike,0,0.0,Lausanne,1004,3.6,46,F,2,1.0,61900
E1352,Lausanne,2025,4.0,bike,0,0.0,Lausanne,1004,3.6,46,F,2,1.0,61900
E1353,Lausanne,2024,2.0,bus,0,0.0,Ecublens,1024,6.4,31,M,0,1.0,107700
E1353,Lausanne,2025,4.0,bus,0,0.0,Ecublens,1024,6.4,31,M,0,1.0,107700
E1354,Lausanne,2024,2.0,bus,0,0.0,Lausanne,1004,2.6,36,M,0,1.0,77600
E1354,Lausanne,2025,4.0,bus,0,0.0,Lausanne,1004,2.6,36,M,0,1.0,77600
E1355,Lausanne,2024,2.0,bus,0,0.0,Le Mont-sur-Lausanne,1052,6.8,23,M,0,1.0,95500
E1355,Lausanne,2025,4.0,bus,0,0.0,Le Mont-sur-Lausanne,1052,6.8,23,M,0,1.0,95500
E1356,Lausanne,2024,2.0,car,1,2.9,PRILLY,1008,4.2,35,M,0,1.0,113900
E1356,Lausanne,2025,4.0,bus,0,0.0,Prilly,1008,4.2,35,M,0,1.0,113900
E1357,Lausanne,2024,2.0,bus,0,0.0,Chavannes-pres-Renens,1022,8.4,37,F,2,1.0,90700
E1357,Lausanne,2025,4.0,bus,0,0.0,Chavannes-pres-Renens,1022,8.4,37,F,2,1.0,90700
E1358,Lausanne,2024,2.0,bike,0,0.0,Prilly,1008,4.4,46,F,2,1.0,78300
E1358,Lausanne,2025,4.0,bike,0,0.0,Prilly,1008,4.4,46,F,2,1.0,78300
E1359,Lausanne,2024,2.0,car,1,3.3,Crissier,1023,8.1,31,M,0,1.0,78800
E1359,Lausanne,2025,4.0,car,1,3.3,Crissier,1023,8.1,31,M,0,1.0,78800
E1360,Lausanne,2024,2.0,car,1,3.6,Le Mont-sur-Lausanne,1052,5.4,60,F,0,1.0,206200
E1360,Lausanne,2025,4.0,car,1,3.2,Le Mont-sur-Lausanne,1052,5.4,60,F,0,1.0,206200
E1361,Lausanne,2024,2.0,bus,0,0.0,Lausanne,1004,2.9,55,M,0,1.0,65500
E1361,Lausanne,2025,4.0,bus,0,0.0,Lausanne,1004,2.9,55,M,0,1.0,
E1362,Lausanne,2024,2.0,car,1,3.3,Lutry,1095,9.0,32,F,1,1.0,134100
E1362,Lausanne,2025,4.0,car,1,3.4,Lutry,1095,9.0,32,F,1,1.0,134100
E1363,Lausanne,2024,2.0,car,1,2.8,Cheseaux-sur-Lausanne,1033,10.2,24,F,0,1.0,101900
E1363,Lausanne,2025,4.0,car,1,2.3,Cheseaux-sur-Lausanne,1033,10.2,24,F,0,1.0,101900
E1364,Lausanne,2024,2.0,car,1,2.9,Servion,1077,23.4,26,F,0,1.0,119800
E1364,Lausanne,2025,4.0,car,1,3.9,Servion,1077,23.4,26,F,0,1.0,119800
E1365,Lausanne,2024,2.0,car,1,3.2,Pully,1009,4.3,45,M,0,1.0,169400
E1365,Lausanne,2025,4.0,car,1,2.2,Pully,1009,4.3,45,M,0,1.0,169400
E1366,Lausanne,2024,2.0,car,1,3.6,Bottens,1041,12.2,30,M,1,1.0,52600
E1366,Lausanne,2025,4.0,car,1,4.4,Bottens,1041,12.2,30,M,1,1.0,52600
E1367,Lausanne,2024,2.0,car,1,3.8,Lausanne,1004,2.4,39,F,2,1.0,100400
E1367,Lausanne,2025,4.0,car,1,2.8,Lausanne,1004,2.4,39,F,2,1.0,100400
E1368,Lausanne,2024,2.0,car,1,3.7,Vulliens,1085,21.8,48,F,0,1.0,94900
E1368,Lausanne,2025,4.0,car,1,3.5,Vulliens,1085,21.8,48,F,0,1.0,94900
E1369,Lausanne,2024,2.0,bus,0,0.0,Renens,1020,4.9,46,M,2,1.0,112900
E1369,Lausanne,2025,4.0,bus,0,0.0,Renens,1020,4.9,46,M,2,1.0,112900
E1370,Lausanne,2024,2.0,car,1,2.9,Pully,1009,4.0,50,M,0,1.0,205400
E1370,Lausanne,2025,4.0,car,1,2.7,Pully,1009,4.0,50,M,0,1.0,205400
E1371,Lausanne,2024,2.0,bus,0,0.0,Lausanne,1004,2.9,29,F,0,1.0,84000
E1371,Lausanne,2025,4.0,bus,0,0.0,Lausanne,1004,2.9,29,F,0,1.0,84000
E1372,Lausanne,2024,2.0,car,1,5.0,Savigny,1073,13.3,49,M,2,1.0,117600
E1372,Lausanne,2025,4.0,car,1,4.3,Savigny,1073,13.3,49,M,2,1.0,117600
E1373,Lausanne,2024,2.0,car,1,2.5,Chavannes-pres-Renens,1022,8.3,49,M,0,1.0,85000
E1373,Lausanne,2025,4.0,bike,0,0.0,Chavannes-pres-Renens,1022,8.3,49,M,0,1.0,85000
E1374,Lausanne,2024,2.0,car,1,4.8,Montpreveyres,1081,14.2,52,F,2,0.8,103200
E1374,Lausanne,2025,4.0,car,1,4.1,Montpreveyres,1081,14.2,52,F,2,0.8,103200
E1375,Lausanne,2024,2.0,bus,0,0.0,Lausanne,1004,3.3,51,M,0,1.0,75900
E1375,Lausanne,2025,4.0,bus,0,0.0,Lausanne,1004,3.3,51,M,0,1.0,75900
E1376,Lausanne,2024,2.0,car,1,4.9,Froideville,1055,11.0,30,F,1,1.0,95500
E1376,Lausanne,2025,4.0,car,1,5.0,Froideville,1055,11.0,30,F,1,1.0,95500
E1377,Lausanne,2024,2.0,bus,0,0.0,Pully,1009,4.4,22,F,0,1.0,95300
E1377,Lausanne,2025,4.0,bus,0,0.0,Pully,1009,4.4,22,F,0,1.0,95300
E1378,Lausanne,2024,2.0,bus,0,0.0,Renens,1020,5.0,46,F,1,1.0,
E1378,Lausanne,2025,4.0,bus,0,0.0,Renens,1020,5.0,46,F,1,1.0,51100
E1379,Lausanne,2024,2.0,bus,0,0.0,Le Mont-sur-Lausanne,1052,5.3,58,M,0,1.0,149900
E1379,Lausanne,2025,4.0,bus,0,0.0,Le Mont-sur-Lausanne,1052,5.3,58,M,0,1.0,149900
E1380,Lausanne,2024,2.0,bike,0,0.0,Lausanne,1004,2.6,35,M,1,1.0,62600
E1380,Lausanne,2025,4.0,bike,0,0.0,Lausanne,1004,2.6,35,M,1,1.0,62600
E1381,Lausanne,2024,2.0,car,1,3.7,Crissier,1023,7.3,35,M,1,1.0,146500
E1381,Lausanne,2025,4.0,car,1,3.7,Crissier,1023,7.3,35,M,1,1.0,146500
E1382,Lausanne,2024,2.0,car,1,4.2,Chavannes-pres-Renens,1022,5.8,44,M,2,1.0,65800
E1382,Lausanne,2025,4.0,car,1,3.9,Chavannes-pres-Renens,1022,5.8,44,M,2,1.0,
E1383,Lausanne,2024,2.0,bike,0,0.0,Lausanne,1004,3.0,53,F,0,1.0,130400
E1383,Lausanne,2025,4.0,bike,0,0.0,Lausanne,1004,3.0,53,F,0,1.0,130400
E1384,Lausanne,2024,2.0,bus,0,0.0,ECUBLENS,1024,7.8,50,M,0,1.0,93900
E1384,Lausanne,2025,4.0,bus,0,0.0,Ecublens,1024,7.8,50,M,0,1.0,93900
E1385,Lausanne,2024,2.0,bike,0,0.0,Prilly,1008,4.3,31,F,2,1.0,56200
E1385,Lausanne,2025,4.0,bike,0,0.0,Prilly,1008,4.3,31,F,2,1.0,56200
E1386,Lausanne,2024,2.0,bus,0,0.0,Renens,1020,5.7,38,F,0,0.8,70200
E1386,Lausanne,2025,4.0,bus,0,0.0,Renens,1020,5.7,38,F,0,0.8,70200
E1387,Lausanne,2024,2.0,car,1,4.7,Servion,1077,20.2,37,F,2,1.0,55200
E1387,Lausanne,2025,4.0,car,1,5.0,Servion,1077,20.2,37,F,2,1.0,55200
E1388,Lausanne,2024,2.0,bus,0,0.0,Bussigny,1030,9.0,48,F,0,1.0,88500
E1388,Lausanne,2025,4.0,bus,0,0.0,Bussigny,1030,9.0,48,F,0,1.0,88500
E1389,Lausanne,2024,2.0,bike,0,0.0,Lausanne,1004,3.6,50,M,0,1.0,149900
E1389,Lausanne,2025,4.0,bike,0,0.0,Lausanne,1004,3.6,50,M,0,1.0,149900
E1390,Lausanne,2024,2.0,car,1,2.8,Lutry,1095,8.2,34,F,0,1.0,95700
E1390,Lausanne,2025,4.0,bus,0,0.0,LUTRY,1095,8.2,34,F,0,1.0,95700
E1391,Lausanne,2024,2.0,car,1,2.9,Pully,1009,4.2,34,F,1,1.0,183000
E1391,Lausanne,2025,4.0,bike,0,0.0,Pully,1009,4.2,34,F,1,1.0,183000
E1392,Lausanne,2024,2.0,car,1,3.1,Bussigny,1030,10.2,45,M,1,1.0,128600
E1392,Lausanne,2025,4.0,car,1,3.2,Bussigny,1030,10.2,45,M,1,1.0,128600
E1393,Lausanne,2024,2.0,car,1,3.6,Pully,1009,4.4,40,M,2,1.0,72000
E1393,Lausanne,2025,4.0,car,1,2.9,Pully,1009,4.4,40,M,2,1.0,72000
E1394,Lausanne,2024,2.0,bike,0,0.0,Le Mont-sur-Lausanne,1052,3.8,35,F,0,1.0,178800
E1394,Lausanne,2025,4.0,bike,0,0.0,Le Mont-sur-Lausanne,1052,3.8,35,F,0,1.0,178800
E1395,Lausanne,2024,2.0,bike,0,0.0,Epalinges,1066,5.0,38,M,0,1.0,181200
E1395,Lausanne,2025,4.0,bike,0,0.0,Epalinges,1066,5.0,38,M,0,1.0,181200
E1396,Lausanne,2024,2.0,bus,0,0.0,Renens,1020,4.6,48,M,0,1.0,52500
E1396,Lausanne,2025,4.0,bus,0,0.0,Renens,1020,4.6,48,M,0,1.0,52500
E1397,Lausanne,2024,2.0,bus,0,0.0,Cugy,1053,9.1,39,M,0,1.0,92600
E1397,Lausanne,2025,4.0,bus,0,0.0,Cugy,1053,9.1,39,M,0,1.0,92600
E1398,Lausanne,2024,2.0,car,1,3.3,Bussigny,1030,7.5,41,M,0,1.0,153100
E1398,Lausanne,2025,4.0,car,1,3.4,Bussigny,1030,7.5,41,M,0,1.0,153100
E1399,Lausanne,2024,2.0,bike,0,0.0,Bussigny,1030,9.3,35,M,2,1.0,83500
E1399,Lausanne,2025,4.0,bike,0,0.0,Bussigny,1030,9.3,35,M,2,1.0,83500
E1400,Lausanne,2024,2.0,car,1,2.5,Renens,1020,5.3,48,M,0,1.0,92000
E1400,Lausanne,2025,4.0,bus,0,0.0,Renens,1020,5.3,48,M,0,1.0,92000
E1401,Lausanne,2024,2.0,bus,0,0.0,RENENS,1020,4.0,37,F,2,1.0,59500
E1401,Lausanne,2025,4.0,bus,0,0.0,Renens,1020,4.0,37,F,2,1.0,59500
E1402,Lausanne,2024,2.0,bike,0,0.0,Pully,1009,5.2,45,M,0,1.0,118000
E1402,Lausanne,2025,4.0,bike,0,0.0,Pully,1009,5.2,45,M,0,1.0,118000
E1403,Lausanne,2024,2.0,bike,0,0.0,Lausanne,1004,2.1,44,F,2,1.0,104000
E1403,Lausanne,2025,4.0,bike,0,0.0,Lausanne,1004,2.1,44,F,2,1.0,104000
E1404,Lausanne,2024,2.0,car,1,3.0,Lausanne,1004,3.2,39,F,1,1.0,145600
E1404,Lausanne,2025,4.0,car,1,3.0,Lausanne,1004,3.2,39,F,1,1.0,145600
E1405,Lausanne,2024,2.0,bus,0,0.0,Le Mont-sur-Lausanne,1052,5.4,34,M,2,1.0,83000
E1405,Lausanne,2025,4.0,bus,0,0.0,Le Mont-sur-Lausanne,1052,5.4,34,M,2,1.0,83000
E1406,Lausanne,2024,2.0,bike,0,0.0,Prilly,1008,3.1,42,M,0,1.0,93400
E1406,Lausanne,2025,4.0,bike,0,0.0,Prilly,1008,3.1,42,M,0,1.0,93400
E1407,Lausanne,2024,2.0,bus,0,0.0,Romanel-sur-Lausanne,1032,7.2,39,M,1,1.0,155400
E1407,Lausanne,2025,4.0,bus,0,0.0,Romanel-sur-Lausanne,1032,7.2,39,M,1,1.0,155400
E1408,Lausanne,2024,2.0,car,1,4.1,Lausanne,1004,3.2,53,F,2,1.0,116700
E1408,Lausanne,2025,4.0,car,1,3.2,Lausanne,1004,3.2,53,F,2,1.0,116700
E1409,Lausanne,2024,2.0,bus,0,0.0,Lutry,1095,9.4,34,M,2,1.0,77900
E1409,Lausanne,2025,4.0,bus,0,0.0,Lutry,1095,9.4,34,M,2,1.0,77900
E1410,Lausanne,2024,2.0,bike,0,0.0,Renens,1020,5.2,50,F,0,1.0,112700
E1410,Lausanne,2025,4.0,bike,0,0.0,Renens,1020,5.2,50,F,0,1.0,112700
E1411,Lausanne,2024,2.0,car,1,3.3,Bottens,1041,15.8,55,F,0,1.0,113900
E1411,Lausanne,2025,4.0,car,1,2.6,Bottens,1041,15.8,55,F,0,1.0,113900
E1412,Lausanne,2024,2.0,car,1,4.6,Mezieres,1083,16.6,49,M,0,1.0,60800
E1412,Lausanne,2025,4.0,bus,0,0.0,Mezieres,1083,16.6,49,M,0,1.0,60800
E1413,Lausanne,2024,2.0,car,1,3.5,Epalinges,1066,6.4,50,M,1,1.0,191700
E1413,Lausanne,2025,4.0,car,1,3.8,Epalinges,1066,6.4,50,M,1,1.0,191700
E1414,Lausanne,2024,2.0,bus,0,0.0,Pully,1009,4.9,40,F,1,1.0,71800
E1414,Lausanne,2025,4.0,bus,0,0.0,Pully,1009,4.9,40,F,1,1.0,71800
E1415,Lausanne,2024,2.0,car,1,3.7,Lausanne,1004,2.6,47,M,2,1.0,138000
E1415,Lausanne,2025,4.0,bus,0,0.0,Lausanne,1004,2.6,47,M,2,1.0,138000
E1416,Lausanne,2024,2.0,bike,0,0.0,Lutry,1095,7.6,47,F,2,1.0,130900
E1416,Lausanne,2025,4.0,bike,0,0.0,Lutry,1095,7.6,47,F,2,1.0,130900
E1417,Lausanne,2024,2.0,bus,0,0.0,Morges,1110,10.2,27,M,0,1.0,105400
E1417,Lausanne,2025,4.0,bus,0,0.0,Morges,1110,10.2,27,M,0,1.0,105400
E1418,Lausanne,2024,2.0,bike,0,0.0,Lausanne,1004,2.9,39,F,0,1.0,60400
E1418,Lausanne,2025,4.0,bike,0,0.0,Lausanne,1004,2.9,39,F,0,1.0,60400
E1419,Lausanne,2024,2.0,car,1,5.0,Morges,1110,13.9,31,M,2,1.0,
E1419,Lausanne,2025,4.0,bus,0,0.0,Morges,1110,13.9,31,M,2,1.0,73500
E1420,Lausanne,2024,2.0,bike,0,0.0,Lausanne,1004,3.0,24,M,2,1.0,78600
E1420,Lausanne,2025,4.0,bike,0,0.0,Lausanne,1004,3.0,24,M,2,1.0,78600
E1421,Lausanne,2024,2.0,bus,0,0.0,Ecublens,1024,8.7,43,M,0,1.0,78800
E1421,Lausanne,2025,4.0,bus,0,0.0,Ecublens,1024,8.7,43,M,0,1.0,78800
E1422,Lausanne,2024,2.0,car,1,2.8,Bussigny,1030,9.3,47,F,0,1.0,68200
E1422,Lausanne,2025,4.0,bus,0,0.0,Bussigny,1030,9.3,47,F,0,1.0,68200
E1423,Lausanne,2024,2.0,bus,0,0.0,Cheseaux-sur-Lausanne,1033,8.9,36,F,2,1.0,78200
E1423,Lausanne,2025,4.0,bus,0,0.0,Cheseaux-sur-Lausanne,1033,8.9,36,F,2,1.0,78200
E1424,Lausanne,2024,2.0,car,1,2.6,Prilly,1008,4.0,48,F,0,1.0,70100
E1424,Lausanne,2025,4.0,bus,0,0.0,Prilly,1008,4.0,48,F,0,1.0,70100
E1425,Lausanne,2024,2.0,car,1,4.2,Renens,1020,7.0,49,F,1,1.0,90500
E1425,Lausanne,2025,4.0,bus,0,0.0,Renens,1020,7.0,49,F,1,1.0,90500
E1426,Lausanne,2024,2.0,bike,0,0.0,Prilly,1008,3.1,44,F,0,1.0,69300
E1426,Lausanne,2025,4.0,bike,0,0.0,Prilly,1008,3.1,44,F,0,1.0,69300
E1427,Lausanne,2024,2.0,bus,0,0.0,Lausanne,1004,4.3,38,M,2,1.0,35300
E1427,Lausanne,2025,4.0,bus,0,0.0,Lausanne,1004,4.3,38,M,2,1.0,35300
E1428,Lausanne,2024,2.0,car,1,3.6,Servion,1077,17.3,50,F,0,1.0,152000
E1428,Lausanne,2025,4.0,car,1,4.1,Servion,1077,17.3,50,F,0,1.0,152000
E1429,Lausanne,2024,2.0,car,1,4.3,Bottens,1041,13.9,61,F,2,1.0,108600
E1429,Lausanne,2025,4.0,car,1,4.0,Bottens,1041,13.9,61,F,2,1.0,108600
E1430,Lausanne,2024,2.0,car,1,2.8,Bussigny,1030,10.4,22,M,0,1.0,88500
E1430,Lausanne,2025,4.0,car,1,2.8,Bussigny,1030,10.4,22,M,0,1.0,
E1431,Lausanne,2024,2.0,bike,0,0.0,Lausanne,1004,3.3,50,F,0,1.0,53300
E1431,Lausanne,2025,4.0,bike,0,0.0,Lausanne,1004,3.3,50,F,0,1.0,53300
E1432,Lausanne,2024,2.0,car,1,3.7,Lausanne,1004,2.9,31,M,0,1.0,58700
E1432,Lausanne,2025,4.0,car,1,2.5,Lausanne,1004,2.9,31,M,0,1.0,58700
E1433,Lausanne,2024,2.0,car,1,4.1,Servion,1077,20.5,51,F,0,1.0,93300
E1433,Lausanne,2025,4.0,car,1,4.3,Servion,1077,20.5,51,F,0,1.0,
E1434,Lausanne,2024,2.0,car,1,2.7,Lausanne,1004,3.8,53,F,0,0.8,
E1434,Lausanne,2025,4.0,car,1,2.2,Lausanne,1004,3.8,53,F,0,0.8,149900
E1435,Lausanne,2024,2.0,bike,0,0.0,Lausanne,1004,4.7,39,M,1,1.0,100100
E1435,Lausanne,2025,4.0,bike,0,0.0,Lausanne,1004,4.7,39,M,1,1.0,100100
E1436,Lausanne,2024,2.0,car,1,3.7,Cheseaux-sur-Lausanne,1033,9.6,39,M,1,1.0,84900
E1436,Lausanne,2025,4.0,bike,0,0.0,Cheseaux-sur-Lausanne,1033,9.6,39,M,1,1.0,84900
E1437,Lausanne,2024,2.0,bus,0,0.0,Prilly,1008,4.5,43,M,2,1.0,95100
E1437,Lausanne,2025,4.0,bus,0,0.0,Prilly,1008,4.5,43,M,2,1.0,95100
E1438,Lausanne,2024,2.0,car,1,3.4,Ecublens,1024,7.8,44,F,1,1.0,58600
E1438,Lausanne,2025,4.0,car,1,3.0,Ecublens,1024,7.8,44,F,1,1.0,58600
E1439,Lausanne,2024,2.0,bus,0,0.0,Ecublens,1024,10.6,41,M,1,1.0,66300
E1439,Lausanne,2025,4.0,bus,0,0.0,Ecublens,1024,10.6,41,M,1,1.0,66300
E1440,Lausanne,2024,2.0,car,1,2.8,Epalinges,1066,5.8,54,F,0,1.0,160700
E1440,Lausanne,2025,4.0,car,1,3.0,Epalinges,1066,5.8,54,F,0,1.0,160700
E1441,Lausanne,2024,2.0,bus,0,0.0,Chavannes-pres-Renens,1022,7.6,27,F,2,0.8,
E1441,Lausanne,2025,4.0,bus,0,0.0,Chavannes-pres-Renens,1022,7.6,27,F,2,0.8,54700
E1442,Lausanne,2024,2.0,bus,0,0.0,CUGY,1053,8.2,38,F,2,1.0,100100
E1442,Lausanne,2025,4.0,bus,0,0.0,Cugy,1053,8.2,38,F,2,1.0,100100
E1443,Lausanne,2024,2.0,car,1,3.4,Crissier,1023,4.3,50,F,1,1.0,133100
E1443,Lausanne,2025,4.0,car,1,2.9,Crissier,1023,4.3,50,F,1,1.0,133100
E1444,Lausanne,2024,2.0,bus,0,0.0,Prilly,1008,5.9,40,F,2,1.0,88100
E1444,Lausanne,2025,4.0,bus,0,0.0,Prilly,1008,5.9,40,F,2,1.0,88100
E1445,Lausanne,2024,2.0,bus,0,0.0,Lausanne,1004,3.6,41,F,2,1.0,55000
E1445,Lausanne,2025,4.0,bus,0,0.0,Lausanne,1004,3.6,41,F,2,1.0,55000
E1446,Lausanne,2024,2.0,car,1,4.2,Lutry,1095,9.3,40,M,0,0.8,151500
E1446,Lausanne,2025,4.0,car,1,4.1,Lutry,1095,9.3,40,M,0,0.8,151500
E1447,Lausanne,2024,2.0,bus,0,0.0,Renens,1020,4.2,53,F,0,1.0,111100
E1447,Lausanne,2025,4.0,bus,0,0.0,Renens,1020,4.2,53,F,0,1.0,111100
E1448,Lausanne,2024,2.0,car,1,3.5,Bussigny,1030,7.4,50,F,2,0.8,104100
E1448,Lausanne,2025,4.0,car,1,3.7,Bussigny,1030,7.4,50,F,2,0.8,104100
E1449,Lausanne,2024,2.0,car,1,3.1,Bussigny,1030,9.5,30,F,0,1.0,65300
E1449,Lausanne,2025,4.0,car,1,2.2,Bussigny,1030,9.5,30,F,0,1.0,65300
E1450,Lausanne,2024,2.0,car,1,4.5,Montpreveyres,1081,16.2,32,M,2,1.0,92000
E1450,Lausanne,2025,4.0,car,1,4.9,Montpreveyres,1081,16.2,32,M,2,1.0,92000
E1451,Lausanne,2024,2.0,car,1,4.4,Lausanne,1004,3.4,39,F,2,0.8,107500
E1451,Lausanne,2025,4.0,car,1,3.6,Lausanne,1004,3.4,39,F,2,0.8,107500
E1452,Lausanne,2024,2.0,car,1,4.2,Renens,1020,5.0,42,F,2,1.0,67800
E1452,Lausanne,2025,4.0,car,1,3.1,Renens,1020,5.0,42,F,2,1.0,67800
E1453,Lausanne,2024,2.0,bus,0,0.0,Le Mont-sur-Lausanne,1052,7.5,52,F,0,0.6,88900
E1453,Lausanne,2025,4.0,bus,0,0.0,Le Mont-sur-Lausanne,1052,7.5,52,F,0,0.6,88900
E1454,Lausanne,2024,2.0,bus,0,0.0,Prilly,1008,4.2,42,M,2,1.0,
E1454,Lausanne,2025,4.0,bus,0,0.0,Prilly,1008,4.2,42,M,2,1.0,135900
E1455,Lausanne,2024,2.0,car,1,3.1,Lausanne,1004,3.1,56,F,0,1.0,177700
E1455,Lausanne,2025,4.0,car,1,2.6,Lausanne,1004,3.1,56,F,0,1.0,177700
E1456,Lausanne,2024,2.0,car,1,4.1,Froideville,1055,17.0,62,M,0,1.0,83800
E1456,Lausanne,2025,4.0,car,1,3.3,Froideville,1055,17.0,62,M,0,1.0,83800
E1457,Lausanne,2024,2.0,bike,0,0.0,Romanel-sur-Lausanne,1032,5.3,34,M,0,0.6,39700
E1457,Lausanne,2025,4.0,bike,0,0.0,Romanel-sur-Lausanne,1032,5.3,34,M,0,0.6,39700
E1458,Lausanne,2024,2.0,car,1,2.0,Renens,1020,5.3,45,F,0,1.0,66300
E1458,Lausanne,2025,4.0,bus,0,0.0,Renens,1020,5.3,45,F,0,1.0,66300
E1459,Lausanne,2024,2.0,bus,0,0.0,Lausanne,1004,2.7,53,M,0,1.0,103900
E1459,Lausanne,2025,4.0,bus,0,0.0,Lausanne,1004,2.7,53,M,0,1.0,103900
E1460,Lausanne,2024,2.0,car,1,5.0,Savigny,1073,10.5,45,M,1,1.0,114500
E1460,Lausanne,2025,4.0,car,1,4.2,Savigny,1073,10.5,45,M,1,1.0,114500
E1461,Lausanne,2024,2.0,car,1,5.0,Morges,1110,16.8,46,F,2,1.0,105300
E1461,Lausanne,2025,4.0,car,1,4.4,Morges,1110,16.8,46,F,2,1.0,105300
E1462,Lausanne,2024,2.0,car,1,3.8,Servion,1077,24.0,38,F,2,1.0,92700
E1462,Lausanne,2025,4.0,car,1,4.1,Servion,1077,24.0,38,F,2,1.0,92700
E1463,Lausanne,2024,2.0,bike,0,0.0,Crissier,1023,7.6,38,M,0,1.0,68900
E1463,Lausanne,2025,4.0,bike,0,0.0,Crissier,1023,7.6,38,M,0,1.0,68900
E1464,Lausanne,2024,2.0,car,1,3.7,Renens,1020,6.2,45,F,2,1.0,99100
E1464,Lausanne,2025,4.0,car,1,3.1,Renens,1020,6.2,45,F,2,1.0,99100
E1465,Lausanne,2024,2.0,car,1,2.4,Lausanne,1004,3.2,53,M,1,1.0,75500
E1465,Lausanne,2025,4.0,car,1,1.9,Lausanne,1004,3.2,53,M,1,1.0,75500
E1466,Lausanne,2024,2.0,bus,0,0.0,Ecublens,1024,10.1,33,M,2,1.0,79000
E1466,Lausanne,2025,4.0,bus,0,0.0,Ecublens,1024,10.1,33,M,2,1.0,79000
E1467,Lausanne,2024,2.0,car,1,2.6,Epalinges,1066,5.1,42,M,1,1.0,76900
E1467,Lausanne,2025,4.0,car,1,2.2,Epalinges,1066,5.1,42,M,1,1.0,76900
E1468,Lausanne,2024,2.0,bus,0,0.0,Lausanne,1004,2.9,61,M,0,1.0,184600
E1468,Lausanne,2025,4.0,bus,0,0.0,Lausanne,1004,2.9,61,M,0,1.0,184600
E1469,Lausanne,2024,2.0,bus,0,0.0,Pully,1009,5.3,41,F,0,1.0,48900
E1469,Lausanne,2025,4.0,bus,0,0.0,Pully,1009,5.3,41,F,0,1.0,48900
E1470,Lausanne,2024,2.0,car,1,2.9,Pully,1009,4.1,45,M,2,1.0,98600
E1470,Lausanne,2025,4.0,car,1,2.5,Pully,1009,4.1,45,M,2,1.0,98600
E1471,Lausanne,2024,2.0,bus,0,0.0,Epalinges,1066,5.3,51,F,0,1.0,79200
E1471,Lausanne,2025,4.0,bus,0,0.0,Epalinges,1066,5.3,51,F,0,1.0,79200
E1472,Lausanne,2024,2.0,bus,0,0.0,Lausanne,1004,2.4,49,F,0,1.0,111400
E1472,Lausanne,2025,4.0,bus,0,0.0,Lausanne,1004,2.4,49,F,0,1.0,111400
E1473,Lausanne,2024,2.0,car,1,3.8,Bottens,1041,16.8,42,M,2,1.0,
E1473,Lausanne,2025,4.0,car,1,3.1,Bottens,1041,16.8,42,M,2,1.0,111900
E1474,Lausanne,2024,2.0,bus,0,0.0,Prilly,1008,3.6,41,F,1,0.8,63300
E1474,Lausanne,2025,4.0,bus,0,0.0,Prilly,1008,3.6,41,F,1,0.8,
E1475,Lausanne,2024,2.0,bus,0,0.0,Cugy,1053,10.4,58,M,0,1.0,89900
E1475,Lausanne,2025,4.0,bus,0,0.0,Cugy,1053,10.4,58,M,0,1.0,89900
E1476,Lausanne,2024,2.0,car,1,3.8,Cugy,1053,10.9,34,F,0,1.0,58600
E1476,Lausanne,2025,4.0,car,1,2.4,Cugy,1053,10.9,34,F,0,1.0,58600
E1477,Lausanne,2024,2.0,car,1,4.1,Froideville,1055,13.5,30,M,0,1.0,65700
E1477,Lausanne,2025,4.0,car,1,3.1,Froideville,1055,13.5,30,M,0,1.0,65700
E1478,Lausanne,2024,2.0,car,1,2.9,Renens,1020,5.0,54,F,1,1.0,93200
E1478,Lausanne,2025,4.0,bus,0,0.0,Renens,1020,5.0,54,F,1,1.0,93200
E1479,Lausanne,2024,2.0,car,1,3.9,Savigny,1073,12.2,56,F,0,1.0,183100
E1479,Lausanne,2025,4.0,car,1,3.6,SAVIGNY,1073,12.2,56,F,0,1.0,183100
E1480,Lausanne,2024,2.0,bus,0,0.0,Renens,1020,5.3,34,F,0,0.8,68100
E1480,Lausanne,2025,4.0,bus,0,0.0,Renens,1020,5.3,34,F,0,0.8,
E1481,Lausanne,2024,2.0,bus,0,0.0,Pully,1009,6.3,52,M,0,1.0,175100
E1481,Lausanne,2025,4.0,bus,0,0.0,Pully,1009,6.3,52,M,0,1.0,175100
E1482,Lausanne,2024,2.0,car,1,3.3,Lausanne,1004,2.4,47,F,2,1.0,91400
E1482,Lausanne,2025,4.0,car,1,3.6,Lausanne,1004,2.4,47,F,2,1.0,91400
E1483,Lausanne,2024,2.0,bike,0,0.0,Chavannes-pres-Renens,1022,7.0,42,F,0,1.0,76800
E1483,Lausanne,2025,4.0,bike,0,0.0,Chavannes-pres-Renens,1022,7.0,42,F,0,1.0,76800
E1484,Lausanne,2024,2.0,bus,0,0.0,Lausanne,1004,2.4,44,M,1,1.0,106000
E1484,Lausanne,2025,4.0,bus,0,0.0,Lausanne,1004,2.4,44,M,1,1.0,106000
E1485,Lausanne,2024,2.0,car,1,3.2,Corcelles-le-Jorat,1082,24.3,62,M,0,1.0,116900
E1485,Lausanne,2025,4.0,car,1,3.9,Corcelles-le-Jorat,1082,24.3,62,M,0,1.0,116900
E1486,Lausanne,2024,2.0,bus,0,0.0,Lausanne,1004,2.1,51,F,0,1.0,79900
E1486,Lausanne,2025,4.0,bus,0,0.0,Lausanne,1004,2.1,51,F,0,1.0,79900
E1487,Lausanne,2024,2.0,car,1,3.1,Crissier,1023,7.1,49,M,0,1.0,119700
E1487,Lausanne,2025,4.0,bus,0,0.0,Crissier,1023,7.1,49,M,0,1.0,119700
E1488,Lausanne,2024,2.0,car,1,3.3,Savigny,1073,11.0,49,M,0,1.0,137600
E1488,Lausanne,2025,4.0,car,1,2.9,Savigny,1073,11.0,49,M,0,1.0,137600
E1489,Lausanne,2024,2.0,bus,0,0.0,Lausanne,1004,2.7,37,M,2,1.0,73800
E1489,Lausanne,2025,4.0,bus,0,0.0,Lausanne,1004,2.7,37,M,2,1.0,73800
E1490,Lausanne,2024,2.0,bus,0,0.0,Bussigny,1030,11.2,40,M,2,1.0,107200
E1490,Lausanne,2025,4.0,bus,0,0.0,Bussigny,1030,11.2,40,M,2,1.0,107200
E1491,Lausanne,2024,2.0,car,1,2.6,Morges,1110,14.2,42,F,0,1.0,83700
E1491,Lausanne,2025,4.0,car,1,2.6,Morges,1110,14.2,42,F,0,1.0,83700
E1492,Lausanne,2024,2.0,car,1,3.5,Lutry,1095,6.7,35,M,0,1.0,106600
E1492,Lausanne,2025,4.0,car,1,3.4,Lutry,1095,6.7,35,M,0,1.0,106600
E1493,Lausanne,2024,2.0,bus,0,0.0,EPALINGES,1066,6.5,49,F,0,1.0,106300
E1493,Lausanne,2025,4.0,bus,0,0.0,Epalinges,1066,6.5,49,F,0,1.0,106300
E1494,Lausanne,2024,2.0,car,1,2.9,Cugy,1053,10.4,55,F,0,1.0,116200
E1494,Lausanne,2025,4.0,car,1,3.1,Cugy,1053,10.4,55,F,0,1.0,116200
E1495,Lausanne,2024,2.0,car,1,3.8,Cheseaux-sur-Lausanne,1033,7.8,42,M,0,1.0,127800
E1495,Lausanne,2025,4.0,car,1,3.2,Cheseaux-sur-Lausanne,1033,7.8,42,M,0,1.0,127800
E1496,Lausanne,2024,2.0,bus,0,0.0,Bussigny,1030,7.6,35,M,2,1.0,59400
E1496,Lausanne,2025,4.0,bus,0,0.0,Bussigny,1030,7.6,35,M,2,1.0,59400
E1497,Lausanne,2024,2.0,car,1,4.0,Pully,1009,5.7,36,F,2,1.0,114000
E1497,Lausanne,2025,4.0,car,1,3.4,Pully,1009,5.7,36,F,2,1.0,114000
E1498,Lausanne,2024,2.0,car,1,3.0,Lausanne,1004,3.4,59,M,0,1.0,104400
E1498,Lausanne,2025,4.0,bus,0,0.0,Lausanne,1004,3.4,59,M,0,1.0,104400
E1499,Lausanne,2024,2.0,bus,0,0.0,Lausanne,1004,3.3,38,M,2,1.0,72300
E1499,Lausanne,2025,4.0,bus,0,0.0,Lausanne,1004,3.3,38,M,2,1.0,72300
E1500,Lausanne,2024,2.0,bus,0,0.0,Bottens,1041,13.5,31,F,0,1.0,55200
E1500,Lausanne,2025,4.0,bus,0,0.0,Bottens,1041,13.5,31,F,0,1.0,
E1501,Lausanne,2024,2.0,bike,0,0.0,Renens,1020,6.1,29,F,0,1.0,85200
E1501,Lausanne,2025,4.0,bike,0,0.0,Renens,1020,6.1,29,F,0,1.0,85200
E1502,Lausanne,2024,2.0,car,1,5.0,Froideville,1055,25.5,39,F,2,1.0,79600
E1502,Lausanne,2025,4.0,car,1,5.0,Froideville,1055,25.5,39,F,2,1.0,79600
E1503,Lausanne,2024,2.0,car,1,4.3,Prilly,1008,4.1,56,M,0,1.0,112900
E1503,Lausanne,2025,4.0,car,1,2.1,Prilly,1008,4.1,56,M,0,1.0,112900
E1504,Lausanne,2024,2.0,bus,0,0.0,Lausanne,1004,3.3,56,F,0,1.0,112900
E1504,Lausanne,2025,4.0,bus,0,0.0,Lausanne,1004,3.3,56,F,0,1.0,112900
E1505,Lausanne,2024,2.0,car,1,2.9,PRILLY,1008,3.4,49,M,0,1.0,150200
E1505,Lausanne,2025,4.0,bus,0,0.0,Prilly,1008,3.4,49,M,0,1.0,150200
E1506,Lausanne,2024,2.0,bus,0,0.0,PULLY,1009,4.3,36,F,0,1.0,153900
E1506,Lausanne,2025,4.0,bus,0,0.0,Pully,1009,4.3,36,F,0,1.0,153900
E1507,Lausanne,2024,2.0,bus,0,0.0,Lausanne,1004,4.1,52,F,0,1.0,128200
E1507,Lausanne,2025,4.0,bus,0,0.0,Lausanne,1004,4.1,52,F,0,1.0,128200
E1508,Lausanne,2024,2.0,car,1,4.1,Ecublens,1024,11.8,42,M,2,1.0,122600
E1508,Lausanne,2025,4.0,car,1,3.8,Ecublens,1024,11.8,42,M,2,1.0,122600
E1509,Lausanne,2024,2.0,car,1,4.6,Cheseaux-sur-Lausanne,1033,8.5,50,M,2,1.0,206400
E1509,Lausanne,2025,4.0,car,1,4.9,Cheseaux-sur-Lausanne,1033,8.5,50,M,2,1.0,206400
E1510,Lausanne,2024,2.0,bus,0,0.0,Ecublens,1024,7.0,64,F,0,1.0,127700
E1510,Lausanne,2025,4.0,bus,0,0.0,Ecublens,1024,7.0,64,F,0,1.0,127700
E1511,Lausanne,2024,2.0,car,1,2.5,Crissier,1023,5.9,41,F,1,1.0,105100
E1511,Lausanne,2025,4.0,car,1,3.3,Crissier,1023,5.9,41,F,1,1.0,105100
E1512,Lausanne,2024,2.0,car,1,3.4,Vulliens,1085,21.3,30,M,0,1.0,89000
E1512,Lausanne,2025,4.0,car,1,3.0,Vulliens,1085,21.3,30,M,0,1.0,89000
E1513,Lausanne,2024,2.0,bus,0,0.0,Renens,1020,5.0,63,M,0,1.0,91400
E1513,Lausanne,2025,4.0,bus,0,0.0,Renens,1020,5.0,63,M,0,1.0,91400
E1514,Lausanne,2024,2.0,bus,0,0.0,Morges,1110,10.3,42,M,1,1.0,106100
E1514,Lausanne,2025,4.0,bus,0,0.0,Morges,1110,10.3,42,M,1,1.0,106100
E1515,Lausanne,2024,2.0,car,1,3.4,Vulliens,1085,20.9,42,M,0,1.0,
E1515,Lausanne,2025,4.0,car,1,3.0,Vulliens,1085,20.9,42,M,0,1.0,89800
E1516,Lausanne,2024,2.0,bike,0,0.0,Crissier,1023,8.2,27,F,0,1.0,78900
E1516,Lausanne,2025,4.0,bike,0,0.0,Crissier,1023,8.2,27,F,0,1.0,78900
E1517,Lausanne,2024,2.0,bus,0,0.0,Bussigny,1030,9.6,51,F,0,1.0,104900
E1517,Lausanne,2025,4.0,bus,0,0.0,Bussigny,1030,9.6,51,F,0,1.0,104900
E1518,Lausanne,2024,2.0,car,1,3.5,Morges,1110,11.2,54,F,1,0.8,88800
E1518,Lausanne,2025,4.0,car,1,3.0,Morges,1110,11.2,54,F,1,0.8,88800
E1519,Lausanne,2024,2.0,car,1,2.5,Lausanne,1004,2.4,46,F,0,1.0,115100
E1519,Lausanne,2025,4.0,bike,0,0.0,Lausanne,1004,2.4,46,F,0,1.0,
E1520,Lausanne,2024,2.0,bus,0,0.0,Romanel-sur-Lausanne,1032,7.2,55,F,0,1.0,80400
E1520,Lausanne,2025,4.0,bus,0,0.0,Romanel-sur-Lausanne,1032,7.2,55,F,0,1.0,
E1521,Lausanne,2024,2.0,bus,0,0.0,Mezieres,1083,14.7,40,M,2,1.0,102800
E1521,Lausanne,2025,4.0,bus,0,0.0,Mezieres,1083,14.7,40,M,2,1.0,102800
E1522,Lausanne,2024,2.0,car,1,5.0,Servion,1077,19.2,57,M,2,1.0,86900
E1522,Lausanne,2025,4.0,car,1,5.0,Servion,1077,19.2,57,M,2,1.0,86900
E1523,Lausanne,2024,2.0,bus,0,0.0,Bussigny,1030,11.8,52,M,0,1.0,
E1523,Lausanne,2025,4.0,bus,0,0.0,Bussigny,1030,11.8,52,M,0,1.0,58700
E1524,Lausanne,2024,2.0,bus,0,0.0,PULLY,1009,5.4,61,F,0,1.0,88800
E1524,Lausanne,2025,4.0,bus,0,0.0,Pully,1009,5.4,61,F,0,1.0,88800
E1525,Lausanne,2024,2.0,bus,0,0.0,EPALINGES,1066,6.2,27,M,0,1.0,99600
E1525,Lausanne,2025,4.0,bus,0,0.0,Epalinges,1066,6.2,27,M,0,1.0,99600
E1526,Lausanne,2024,2.0,car,1,3.8,Corcelles-le-Jorat,1082,19.7,31,F,0,0.8,71700
E1526,Lausanne,2025,4.0,car,1,3.9,Corcelles-le-Jorat,1082,19.7,31,F,0,0.8,71700
E1527,Lausanne,2024,2.0,car,1,3.4,ROPRAZ,1088,17.5,53,M,0,1.0,84900
E1527,Lausanne,2025,4.0,car,1,2.8,Ropraz,1088,17.5,53,M,0,1.0,
E1528,Lausanne,2024,2.0,car,1,3.0,Renens,1020,4.3,48,F,1,1.0,85300
E1528,Lausanne,2025,4.0,car,1,3.1,Renens,1020,4.3,48,F,1,1.0,85300
E1529,Lausanne,2024,2.0,car,1,3.9,Servion,1077,18.1,35,M,2,1.0,95500
E1529,Lausanne,2025,4.0,car,1,4.6,Servion,1077,18.1,35,M,2,1.0,95500
E1530,Lausanne,2024,2.0,bike,0,0.0,Romanel-sur-Lausanne,1032,3.5,45,F,2,0.6,53800
E1530,Lausanne,2025,4.0,bike,0,0.0,Romanel-sur-Lausanne,1032,3.5,45,F,2,0.6,53800
E1531,Lausanne,2024,2.0,car,1,3.2,Bottens,1041,13.7,53,M,1,1.0,125100
E1531,Lausanne,2025,4.0,car,1,3.6,Bottens,1041,13.7,53,M,1,1.0,125100
E1532,Lausanne,2024,2.0,car,1,5.0,Lausanne,1004,2.9,55,M,2,1.0,161600
E1532,Lausanne,2025,4.0,car,1,3.5,Lausanne,1004,2.9,55,M,2,1.0,161600
E1533,Lausanne,2024,2.0,car,1,3.7,Ropraz,1088,20.4,47,M,0,1.0,
E1533,Lausanne,2025,4.0,car,1,3.5,Ropraz,1088,20.4,47,M,0,1.0,126600
E1534,Lausanne,2024,2.0,bus,0,0.0,Lutry,1095,7.7,45,F,0,1.0,98500
E1534,Lausanne,2025,4.0,bus,0,0.0,Lutry,1095,7.7,45,F,0,1.0,98500
E1535,Lausanne,2024,2.0,bus,0,0.0,Lausanne,1004,3.1,49,F,0,1.0,71700
E1535,Lausanne,2025,4.0,bus,0,0.0,Lausanne,1004,3.1,49,F,0,1.0,
E1536,Lausanne,2024,2.0,car,1,5.0,Morges,1110,13.4,44,M,2,1.0,182600
E1536,Lausanne,2025,4.0,car,1,4.8,Morges,1110,13.4,44,M,2,1.0,182600
E1537,Lausanne,2024,2.0,car,1,3.8,Lausanne,1004,4.0,63,M,1,1.0,165900
E1537,Lausanne,2025,4.0,car,1,3.2,Lausanne,1004,4.0,63,M,1,1.0,165900
E1538,Lausanne,2024,2.0,car,1,3.9,Romanel-sur-Lausanne,1032,6.1,40,M,1,1.0,148600
E1538,Lausanne,2025,4.0,bus,0,0.0,Romanel-sur-Lausanne,1032,6.1,40,M,1,1.0,148600
E1539,Lausanne,2024,2.0,car,1,3.4,Bussigny,1030,11.5,44,M,2,1.0,105500
E1539,Lausanne,2025,4.0,car,1,2.8,Bussigny,1030,11.5,44,M,2,1.0,105500
E1540,Lausanne,2024,2.0,car,1,3.2,Morges,1110,11.5,42,M,0,1.0,88800
E1540,Lausanne,2025,4.0,car,1,3.7,Morges,1110,11.5,42,M,0,1.0,88800
E1541,Lausanne,2024,2.0,car,1,3.8,Savigny,1073,12.5,60,M,0,1.0,175700
E1541,Lausanne,2025,4.0,car,1,3.1,Savigny,1073,12.5,60,M,0,1.0,175700
E1542,Lausanne,2024,2.0,car,1,3.1,Lutry,1095,8.3,39,F,1,1.0,84700
E1542,Lausanne,2025,4.0,bus,0,0.0,Lutry,1095,8.3,39,F,1,1.0,84700
E1543,Lausanne,2024,2.0,bus,0,0.0,Lausanne,1004,2.8,53,M,0,1.0,99700
E1543,Lausanne,2025,4.0,bus,0,0.0,Lausanne,1004,2.8,53,M,0,1.0,99700
E1544,Lausanne,2024,2.0,car,1,2.8,Lutry,1095,5.8,43,F,2,0.6,83800
E1544,Lausanne,2025,4.0,car,1,3.5,Lutry,1095,5.8,43,F,2,0.6,83800
E1545,Lausanne,2024,2.0,car,1,3.1,Morges,1110,10.1,39,M,0,1.0,108000
E1545,Lausanne,2025,4.0,bus,0,0.0,Morges,1110,10.1,39,M,0,1.0,108000
E1546,Lausanne,2024,2.0,bus,0,0.0,Lausanne,1004,3.2,23,M,0,1.0,61400
E1546,Lausanne,2025,4.0,bus,0,0.0,Lausanne,1004,3.2,23,M,0,1.0,61400
E1547,Lausanne,2024,2.0,car,1,3.9,Pully,1009,4.9,43,M,1,1.0,136500
E1547,Lausanne,2025,4.0,bus,0,0.0,Pully,1009,4.9,43,M,1,1.0,136500
E1548,Lausanne,2024,2.0,car,1,2.7,Crissier,1023,6.6,61,M,0,1.0,106700
E1548,Lausanne,2025,4.0,car,1,2.5,Crissier,1023,6.6,61,M,0,1.0,
E1549,Lausanne,2024,2.0,car,1,5.0,Savigny,1073,10.5,37,M,0,1.0,136600
E1549,Lausanne,2025,4.0,car,1,4.2,SAVIGNY,1073,10.5,37,M,0,1.0,136600
E1550,Lausanne,2024,2.0,bus,0,0.0,Bottens,1041,15.1,22,F,0,1.0,67300
E1550,Lausanne,2025,4.0,bus,0,0.0,Bottens,1041,15.1,22,F,0,1.0,67300
E1551,Lausanne,2024,2.0,bus,0,0.0,Lausanne,1004,3.3,47,M,2,1.0,97800
E1551,Lausanne,2025,4.0,bus,0,0.0,Lausanne,1004,3.3,47,M,2,1.0,97800
E1552,Lausanne,2024,2.0,car,1,2.5,Ecublens,1024,11.0,32,M,1,1.0,64200
E1552,Lausanne,2025,4.0,car,1,2.3,Ecublens,1024,11.0,32,M,1,1.0,64200
E1553,Lausanne,2024,2.0,car,1,3.8,Savigny,1073,11.8,26,F,0,0.8,127000
E1553,Lausanne,2025,4.0,car,1,3.4,Savigny,1073,11.8,26,F,0,0.8,127000
E1554,Lausanne,2024,2.0,car,1,3.8,Bussigny,1030,9.6,38,M,2,1.0,140800
E1554,Lausanne,2025,4.0,car,1,4.2,Bussigny,1030,9.6,38,M,2,1.0,140800
E1555,Lausanne,2024,2.0,car,1,4.0,Savigny,1073,12.5,30,F,2,1.0,78200
E1555,Lausanne,2025,4.0,car,1,4.6,Savigny,1073,12.5,30,F,2,1.0,78200
E1556,Lausanne,2024,2.0,car,1,4.8,Bussigny,1030,12.2,54,M,2,1.0,95200
E1556,Lausanne,2025,4.0,car,1,4.1,Bussigny,1030,12.2,54,M,2,1.0,95200
E1557,Lausanne,2024,2.0,car,1,2.8,Renens,1020,7.5,46,M,0,1.0,128900
E1557,Lausanne,2025,4.0,bike,0,0.0,Renens,1020,7.5,46,M,0,1.0,
E1558,Lausanne,2024,2.0,car,1,2.0,Crissier,1023,7.7,50,F,0,1.0,70300
E1558,Lausanne,2025,4.0,car,1,2.1,Crissier,1023,7.7,50,F,0,1.0,70300
E1559,Lausanne,2024,2.0,car,1,3.1,Crissier,1023,5.4,37,F,1,1.0,111400
E1559,Lausanne,2025,4.0,car,1,2.9,Crissier,1023,5.4,37,F,1,1.0,111400
E1560,Lausanne,2024,2.0,car,1,4.2,Froideville,1055,13.9,42,F,1,1.0,117600
E1560,Lausanne,2025,4.0,car,1,4.7,Froideville,1055,13.9,42,F,1,1.0,117600
E1561,Lausanne,2024,2.0,bike,0,0.0,Pully,1009,4.0,38,M,1,1.0,98400
E1561,Lausanne,2025,4.0,bike,0,0.0,Pully,1009,4.0,38,M,1,1.0,98400
E1562,Lausanne,2024,2.0,car,1,4.2,Renens,1020,4.2,46,F,2,0.8,95000
E1562,Lausanne,2025,4.0,car,1,4.1,Renens,1020,4.2,46,F,2,0.8,95000
E1563,Lausanne,2024,2.0,car,1,3.1,Lutry,1095,11.0,22,F,0,1.0,105400
E1563,Lausanne,2025,4.0,car,1,3.2,Lutry,1095,11.0,22,F,0,1.0,105400
E1564,Lausanne,2024,2.0,car,1,3.4,Ecublens,1024,7.5,43,F,2,1.0,95700
E1564,Lausanne,2025,4.0,car,1,3.2,Ecublens,1024,7.5,43,F,2,1.0,95700
E1565,Lausanne,2024,2.0,car,1,2.9,Chavannes-pres-Renens,1022,6.1,53,M,1,1.0,105700
E1565,Lausanne,2025,4.0,bus,0,0.0,Chavannes-pres-Renens,1022,6.1,53,M,1,1.0,105700
E1566,Lausanne,2024,2.0,car,1,3.1,Ropraz,1088,26.7,60,M,2,1.0,114500
E1566,Lausanne,2025,4.0,car,1,3.6,Ropraz,1088,26.7,60,M,2,1.0,114500
E1567,Lausanne,2024,2.0,car,1,3.5,Epalinges,1066,6.0,51,M,0,1.0,97400
E1567,Lausanne,2025,4.0,car,1,3.1,Epalinges,1066,6.0,51,M,0,1.0,97400
E1568,Lausanne,2024,2.0,car,1,3.7,Epalinges,1066,4.9,44,M,0,1.0,126200
E1568,Lausanne,2025,4.0,car,1,3.1,Epalinges,1066,4.9,44,M,0,1.0,126200
E1569,Lausanne,2024,2.0,car,1,5.0,Servion,1077,20.1,26,M,2,1.0,72500
E1569,Lausanne,2025,4.0,car,1,4.3,Servion,1077,20.1,26,M,2,1.0,72500
E1570,Lausanne,2024,2.0,car,1,4.4,Romanel-sur-Lausanne,1032,4.6,45,M,1,1.0,98100
E1570,Lausanne,2025,4.0,car,1,3.6,Romanel-sur-Lausanne,1032,4.6,45,M,1,1.0,98100
E1571,Lausanne,2024,2.0,car,1,3.7,Corcelles-le-Jorat,1082,16.2,23,M,0,1.0,81100
E1571,Lausanne,2025,4.0,car,1,4.1,Corcelles-le-Jorat,1082,16.2,23,M,0,1.0,81100
E1572,Lausanne,2024,2.0,car,1,4.2,Le Mont-sur-Lausanne,1052,6.2,34,M,2,1.0,93500
E1572,Lausanne,2025,4.0,car,1,3.9,Le Mont-sur-Lausanne,1052,6.2,34,M,2,1.0,93500
E1573,Lausanne,2024,2.0,bus,0,0.0,Bussigny,1030,6.3,41,F,0,1.0,93500
E1573,Lausanne,2025,4.0,bus,0,0.0,Bussigny,1030,6.3,41,F,0,1.0,93500
E1574,Lausanne,2024,2.0,car,1,3.3,Renens,1020,5.7,40,M,2,1.0,101400
E1574,Lausanne,2025,4.0,car,1,4.1,Renens,1020,5.7,40,M,2,1.0,101400
E1575,Lausanne,2024,2.0,bus,0,0.0,Renens,1020,5.2,52,F,0,0.6,45500
E1575,Lausanne,2025,4.0,bus,0,0.0,Renens,1020,5.2,52,F,0,0.6,45500
E1576,Lausanne,2024,2.0,car,1,3.8,Morges,1110,15.0,40,F,1,1.0,94600
E1576,Lausanne,2025,4.0,bus,0,0.0,Morges,1110,15.0,40,F,1,1.0,94600
E1577,Lausanne,2024,2.0,bike,0,0.0,Lausanne,1004,2.8,30,M,0,1.0,64200
E1577,Lausanne,2025,4.0,bike,0,0.0,Lausanne,1004,2.8,30,M,0,1.0,64200
E1578,Lausanne,2024,2.0,bus,0,0.0,Lausanne,1004,3.2,38,F,2,1.0,80200
E1578,Lausanne,2025,4.0,bus,0,0.0,Lausanne,1004,3.2,38,F,2,1.0,80200
E1579,Lausanne,2024,2.0,car,1,2.8,Epalinges,1066,5.0,35,M,0,1.0,138200
E1579,Lausanne,2025,4.0,car,1,2.6,Epalinges,1066,5.0,35,M,0,1.0,138200
E1580,Lausanne,2024,2.0,bus,0,0.0,Epalinges,1066,5.1,54,F,0,0.8,118300
E1580,Lausanne,2025,4.0,bus,0,0.0,Epalinges,1066,5.1,54,F,0,0.8,118300
E1581,Lausanne,2024,2.0,bus,0,0.0,Lausanne,1004,3.0,28,F,0,1.0,
E1581,Lausanne,2025,4.0,bus,0,0.0,Lausanne,1004,3.0,28,F,0,1.0,47200
E1582,Lausanne,2024,2.0,bus,0,0.0,Lausanne,1004,3.0,38,F,0,1.0,66300
E1582,Lausanne,2025,4.0,bus,0,0.0,LAUSANNE,1004,3.0,38,F,0,1.0,66300
E1583,Lausanne,2024,2.0,car,1,3.9,Bussigny,1030,9.9,52,F,2,1.0,110600
E1583,Lausanne,2025,4.0,car,1,4.3,Bussigny,1030,9.9,52,F,2,1.0,
E1584,Lausanne,2024,2.0,bus,0,0.0,Ecublens,1024,10.2,34,F,0,1.0,38600
E1584,Lausanne,2025,4.0,bus,0,0.0,Ecublens,1024,10.2,34,F,0,1.0,38600
E1585,Lausanne,2024,2.0,car,1,2.5,Bussigny,1030,9.5,47,F,1,0.6,49900
E1585,Lausanne,2025,4.0,car,1,1.9,Bussigny,1030,9.5,47,F,1,0.6,49900
E1586,Lausanne,2024,2.0,bike,0,0.0,Lausanne,1004,3.2,43,F,0,1.0,
E1586,Lausanne,2025,4.0,bike,0,0.0,Lausanne,1004,3.2,43,F,0,1.0,65700
E1587,Lausanne,2024,2.0,bus,0,0.0,Savigny,1073,12.7,39,M,1,1.0,110800
E1587,Lausanne,2025,4.0,bus,0,0.0,Savigny,1073,12.7,39,M,1,1.0,110800
E1588,Lausanne,2024,2.0,bus,0,0.0,Renens,1020,5.1,25,F,0,1.0,
E1588,Lausanne,2025,4.0,bus,0,0.0,Renens,1020,5.1,25,F,0,1.0,
E1589,Lausanne,2024,2.0,bus,0,0.0,Pully,1009,5.4,43,F,2,1.0,97800
E1589,Lausanne,2025,4.0,bus,0,0.0,Pully,1009,5.4,43,F,2,1.0,97800
E1590,Lausanne,2024,2.0,bus,0,0.0,Ecublens,1024,5.8,38,M,1,1.0,85500
E1590,Lausanne,2025,4.0,bus,0,0.0,Ecublens,1024,5.8,38,M,1,1.0,85500
E1591,Lausanne,2024,2.0,bus,0,0.0,Bussigny,1030,9.0,46,M,0,1.0,58400
E1591,Lausanne,2025,4.0,bus,0,0.0,Bussigny,1030,9.0,46,M,0,1.0,58400
E1592,Lausanne,2024,2.0,car,1,3.0,ROPRAZ,1088,25.5,28,M,0,1.0,83400
E1592,Lausanne,2025,4.0,car,1,2.5,Ropraz,1088,25.5,28,M,0,1.0,
E1593,Lausanne,2024,2.0,bike,0,0.0,Renens,1020,4.7,48,F,2,1.0,95000
E1593,Lausanne,2025,4.0,bike,0,0.0,Renens,1020,4.7,48,F,2,1.0,95000
E1594,Lausanne,2024,2.0,bus,0,0.0,Lausanne,1004,3.4,49,F,0,1.0,114800
E1594,Lausanne,2025,4.0,bus,0,0.0,Lausanne,1004,3.4,49,F,0,1.0,114800
E1595,Lausanne,2024,2.0,bike,0,0.0,Lausanne,1004,3.3,57,F,0,1.0,76600
E1595,Lausanne,2025,4.0,bike,0,0.0,Lausanne,1004,3.3,57,F,0,1.0,76600
E1596,Lausanne,2024,2.0,car,1,3.4,Lutry,1095,4.6,38,M,1,1.0,124600
E1596,Lausanne,2025,4.0,car,1,2.7,LUTRY,1095,4.6,38,M,1,1.0,124600
E1597,Lausanne,2024,2.0,car,1,3.3,Pully,1009,3.9,36,F,1,1.0,97000
E1597,Lausanne,2025,4.0,car,1,3.0,Pully,1009,3.9,36,F,1,1.0,97000
E1598,Lausanne,2024,2.0,car,1,3.3,Servion,1077,17.7,52,M,0,1.0,123300
E1598,Lausanne,2025,4.0,car,1,3.5,Servion,1077,17.7,52,M,0,1.0,123300
E1599,Lausanne,2024,2.0,car,1,3.6,Lausanne,1004,2.6,32,F,1,1.0,93400
E1599,Lausanne,2025,4.0,car,1,2.8,Lausanne,1004,2.6,32,F,1,1.0,
E1600,Lausanne,2024,2.0,car,1,3.0,Morges,1110,12.0,34,M,0,1.0,79700
E1600,Lausanne,2025,4.0,car,1,2.5,Morges,1110,12.0,34,M,0,1.0,79700
E1601,Lausanne,2024,2.0,car,1,3.4,Lutry,1095,7.4,40,M,1,1.0,121200
E1601,Lausanne,2025,4.0,car,1,3.8,Lutry,1095,7.4,40,M,1,1.0,121200
E1602,Lausanne,2024,2.0,car,1,3.8,Crissier,1023,6.0,32,M,2,1.0,95900
E1602,Lausanne,2025,4.0,car,1,3.3,Crissier,1023,6.0,32,M,2,1.0,95900
E1603,Lausanne,2024,2.0,bus,0,0.0,Ecublens,1024,7.1,57,M,0,1.0,104000
E1603,Lausanne,2025,4.0,bus,0,0.0,Ecublens,1024,7.1,57,M,0,1.0,104000
E1604,Lausanne,2024,2.0,car,1,4.1,Cugy,1053,7.0,53,M,0,0.8,
E1604,Lausanne,2025,4.0,car,1,3.2,Cugy,1053,7.0,53,M,0,0.8,116300
E1605,Lausanne,2024,2.0,car,1,3.2,Crissier,1023,9.9,22,F,0,1.0,76300
E1605,Lausanne,2025,4.0,car,1,1.8,Crissier,1023,9.9,22,F,0,1.0,76300
E1606,Lausanne,2024,2.0,car,1,3.1,Mezieres,1083,23.0,22,F,1,0.8,58400
E1606,Lausanne,2025,4.0,car,1,3.4,Mezieres,1083,23.0,22,F,1,0.8,58400
E1607,Lausanne,2024,2.0,bus,0,0.0,Renens,1020,5.8,36,M,0,0.6,41000
E1607,Lausanne,2025,4.0,bus,0,0.0,Renens,1020,5.8,36,M,0,0.6,
E1608,Lausanne,2024,2.0,car,1,3.6,Bussigny,1030,9.8,48,M,1,1.0,78300
E1608,Lausanne,2025,4.0,car,1,3.4,Bussigny,1030,9.8,48,M,1,1.0,78300
E1609,Lausanne,2024,2.0,car,1,2.6,Le Mont-sur-Lausanne,1052,5.1,50,M,0,0.8,54700
E1609,Lausanne,2025,4.0,bus,0,0.0,Le Mont-sur-Lausanne,1052,5.1,50,M,0,0.8,54700
E1610,Lausanne,2024,2.0,car,1,4.1,Mezieres,1083,27.8,57,F,0,1.0,58500
E1610,Lausanne,2025,4.0,bus,0,0.0,Mezieres,1083,27.8,57,F,0,1.0,58500
E1611,Lausanne,2024,2.0,car,1,3.0,Lausanne,1004,2.5,46,M,1,0.8,52600
E1611,Lausanne,2025,4.0,bus,0,0.0,Lausanne,1004,2.5,46,M,1,0.8,52600
E1612,Lausanne,2024,2.0,car,1,5.0,Cheseaux-sur-Lausanne,1033,11.6,32,M,2,1.0,90900
E1612,Lausanne,2025,4.0,car,1,4.6,Cheseaux-sur-Lausanne,1033,11.6,32,M,2,1.0,90900
E1613,Lausanne,2024,2.0,car,1,4.3,EPALINGES,1066,6.3,47,M,2,1.0,99800
E1613,Lausanne,2025,4.0,car,1,5.0,Epalinges,1066,6.3,47,M,2,1.0,99800
E1614,Lausanne,2024,2.0,bike,0,0.0,Savigny,1073,10.1,31,M,1,1.0,92400
E1614,Lausanne,2025,4.0,bike,0,0.0,Savigny,1073,10.1,31,M,1,1.0,92400
E1615,Lausanne,2024,2.0,bus,0,0.0,Bussigny,1030,8.6,35,M,0,1.0,89600
E1615,Lausanne,2025,4.0,bus,0,0.0,Bussigny,1030,8.6,35,M,0,1.0,89600
E1616,Lausanne,2024,2.0,bus,0,0.0,Ecublens,1024,7.4,27,M,0,1.0,40000
E1616,Lausanne,2025,4.0,bus,0,0.0,Ecublens,1024,7.4,27,M,0,1.0,
E1617,Lausanne,2024,2.0,bike,0,0.0,Cheseaux-sur-Lausanne,1033,8.0,34,F,2,1.0,81300
E1617,Lausanne,2025,4.0,bike,0,0.0,Cheseaux-sur-Lausanne,1033,8.0,34,F,2,1.0,
E1618,Lausanne,2024,2.0,bike,0,0.0,Renens,1020,3.9,37,F,0,1.0,131400
E1618,Lausanne,2025,4.0,bike,0,0.0,Renens,1020,3.9,37,F,0,1.0,131400
E1619,Lausanne,2024,2.0,bike,0,0.0,Lausanne,1004,3.2,37,F,2,0.8,63700
E1619,Lausanne,2025,4.0,bike,0,0.0,Lausanne,1004,3.2,37,F,2,0.8,63700
E1620,Lausanne,2024,2.0,bus,0,0.0,Lutry,1095,6.7,61,F,0,1.0,111300
E1620,Lausanne,2025,4.0,bus,0,0.0,Lutry,1095,6.7,61,F,0,1.0,111300
E1621,Lausanne,2024,2.0,car,1,3.6,Cugy,1053,11.4,44,M,1,1.0,91900
E1621,Lausanne,2025,4.0,car,1,4.2,Cugy,1053,11.4,44,M,1,1.0,91900
E1622,Lausanne,2024,2.0,car,1,3.1,Cugy,1053,9.6,46,F,2,1.0,73500
E1622,Lausanne,2025,4.0,car,1,3.5,Cugy,1053,9.6,46,F,2,1.0,73500
E1623,Lausanne,2024,2.0,car,1,2.3,Ecublens,1024,8.2,45,F,0,1.0,96700
E1623,Lausanne,2025,4.0,car,1,2.1,Ecublens,1024,8.2,45,F,0,1.0,96700
E1624,Lausanne,2024,2.0,car,1,5.0,Romanel-sur-Lausanne,1032,6.1,59,M,2,1.0,210300
E1624,Lausanne,2025,4.0,car,1,5.0,Romanel-sur-Lausanne,1032,6.1,59,M,2,1.0,210300
E1625,Lausanne,2024,2.0,car,1,3.7,Romanel-sur-Lausanne,1032,5.6,33,F,0,1.0,146900
E1625,Lausanne,2025,4.0,car,1,3.9,Romanel-sur-Lausanne,1032,5.6,33,F,0,1.0,146900
E1626,Lausanne,2024,2.0,bike,0,0.0,Prilly,1008,3.9,51,M,0,1.0,58100
E1626,Lausanne,2025,4.0,bike,0,0.0,Prilly,1008,3.9,51,M,0,1.0,58100
E1627,Lausanne,2024,2.0,car,1,4.8,Lutry,1095,8.2,34,M,2,1.0,95500
E1627,Lausanne,2025,4.0,car,1,5.0,Lutry,1095,8.2,34,M,2,1.0,95500
E1628,Lausanne,2024,2.0,car,1,4.2,Montpreveyres,1081,24.1,42,F,2,1.0,104200
E1628,Lausanne,2025,4.0,car,1,5.0,Montpreveyres,1081,24.1,42,F,2,1.0,104200
E1629,Lausanne,2024,2.0,bus,0,0.0,Pully,1009,3.9,48,F,0,1.0,98000
E1629,Lausanne,2025,4.0,bus,0,0.0,Pully,1009,3.9,48,F,0,1.0,98000
E1630,Lausanne,2024,2.0,car,1,2.8,Renens,1020,4.4,29,M,0,1.0,129200
E1630,Lausanne,2025,4.0,car,1,2.1,Renens,1020,4.4,29,M,0,1.0,129200
E1631,Lausanne,2024,2.0,bus,0,0.0,Bussigny,1030,9.3,39,F,0,1.0,
E1631,Lausanne,2025,4.0,bus,0,0.0,Bussigny,1030,9.3,39,F,0,1.0,63500
E1632,Lausanne,2024,2.0,car,1,3.6,Bottens,1041,11.9,43,M,0,1.0,114500
E1632,Lausanne,2025,4.0,car,1,2.7,Bottens,1041,11.9,43,M,0,1.0,114500
E1633,Lausanne,2024,2.0,car,1,3.5,Bussigny,1030,7.8,48,M,0,1.0,89700
E1633,Lausanne,2025,4.0,car,1,2.2,Bussigny,1030,7.8,48,M,0,1.0,
E1634,Lausanne,2024,2.0,car,1,3.1,Montpreveyres,1081,12.0,41,M,1,1.0,70700
E1634,Lausanne,2025,4.0,car,1,3.2,Montpreveyres,1081,12.0,41,M,1,1.0,70700
E1635,Lausanne,2024,2.0,car,1,3.0,Mezieres,1083,17.7,64,M,0,0.8,51500
E1635,Lausanne,2025,4.0,car,1,2.3,Mezieres,1083,17.7,64,M,0,0.8,51500
E1636,Lausanne,2024,2.0,car,1,2.8,Romanel-sur-Lausanne,1032,5.4,62,F,1,1.0,121100
E1636,Lausanne,2025,4.0,car,1,3.2,Romanel-sur-Lausanne,1032,5.4,62,F,1,1.0,121100
E1637,Lausanne,2024,2.0,bike,0,0.0,Epalinges,1066,6.1,22,M,0,1.0,118800
E1637,Lausanne,2025,4.0,bike,0,0.0,Epalinges,1066,6.1,22,M,0,1.0,118800
E1638,Lausanne,2024,2.0,bus,0,0.0,Lausanne,1004,2.3,44,M,1,1.0,112700
E1638,Lausanne,2025,4.0,bus,0,0.0,Lausanne,1004,2.3,44,M,1,1.0,112700
E1639,Lausanne,2024,2.0,car,1,3.8,Prilly,1008,3.4,49,F,0,0.8,90900
E1639,Lausanne,2025,4.0,car,1,2.3,Prilly,1008,3.4,49,F,0,0.8,90900
E1640,Lausanne,2024,2.0,car,1,3.3,Cugy,1053,11.7,46,F,1,1.0,108000
E1640,Lausanne,2025,4.0,car,1,4.0,Cugy,1053,11.7,46,F,1,1.0,108000
E1641,Lausanne,2024,2.0,bus,0,0.0,Pully,1009,5.7,57,M,0,1.0,141800
E1641,Lausanne,2025,4.0,bus,0,0.0,Pully,1009,5.7,57,M,0,1.0,141800
E1642,Lausanne,2024,2.0,bus,0,0.0,Renens,1020,3.7,22,F,0,1.0,92100
E1642,Lausanne,2025,4.0,bus,0,0.0,Renens,1020,3.7,22,F,0,1.0,92100
E1643,Lausanne,2024,2.0,bus,0,0.0,Lausanne,1004,3.4,32,F,1,1.0,45300
E1643,Lausanne,2025,4.0,bus,0,0.0,Lausanne,1004,3.4,32,F,1,1.0,45300
E1644,Lausanne,2024,2.0,bus,0,0.0,Renens,1020,4.5,58,F,0,0.6,77900
E1644,Lausanne,2025,4.0,bus,0,0.0,Renens,1020,4.5,58,F,0,0.6,77900
E1645,Lausanne,2024,2.0,car,1,3.8,Morges,1110,10.5,55,F,1,1.0,112300
E1645,Lausanne,2025,4.0,car,1,3.4,Morges,1110,10.5,55,F,1,1.0,112300
E1646,Lausanne,2024,2.0,car,1,3.4,Mezieres,1083,20.3,64,F,0,0.6,45100
E1646,Lausanne,2025,4.0,car,1,2.9,Mezieres,1083,20.3,64,F,0,0.6,45100
E1647,Lausanne,2024,2.0,bus,0,0.0,Pully,1009,5.8,60,M,0,1.0,147800
E1647,Lausanne,2025,4.0,bus,0,0.0,Pully,1009,5.8,60,M,0,1.0,147800
E1648,Lausanne,2024,2.0,car,1,3.2,Cheseaux-sur-Lausanne,1033,5.7,30,F,2,1.0,49100
E1648,Lausanne,2025,4.0,car,1,2.7,Cheseaux-sur-Lausanne,1033,5.7,30,F,2,1.0,49100
E1649,Lausanne,2024,2.0,car,1,2.0,Lausanne,1004,3.5,53,M,0,0.6,75600
E1649,Lausanne,2025,4.0,car,1,1.6,Lausanne,1004,3.5,53,M,0,0.6,75600
E1650,Lausanne,2024,2.0,car,1,2.9,Cugy,1053,9.0,40,F,1,1.0,90600
E1650,Lausanne,2025,4.0,car,1,2.7,Cugy,1053,9.0,40,F,1,1.0,90600
E1651,Lausanne,2024,2.0,car,1,3.6,Servion,1077,18.0,45,F,2,0.6,40400
E1651,Lausanne,2025,4.0,car,1,3.6,Servion,1077,18.0,45,F,2,0.6,
E1652,Lausanne,2024,2.0,car,1,4.4,Crissier,1023,6.5,44,F,2,1.0,139400
E1652,Lausanne,2025,4.0,car,1,4.0,Crissier,1023,6.5,44,F,2,1.0,139400
E1653,Lausanne,2024,2.0,car,1,3.4,Ecublens,1024,9.6,38,F,1,1.0,47900
E1653,Lausanne,2025,4.0,car,1,2.5,Ecublens,1024,9.6,38,F,1,1.0,47900
E1654,Lausanne,2024,2.0,car,1,5.0,Mezieres,1083,22.2,38,M,2,1.0,132100
E1654,Lausanne,2025,4.0,car,1,5.0,Mezieres,1083,22.2,38,M,2,1.0,132100
E1655,Lausanne,2024,2.0,car,1,2.9,Renens,1020,5.2,51,M,0,1.0,120800
E1655,Lausanne,2025,4.0,bus,0,0.0,Renens,1020,5.2,51,M,0,1.0,120800
E1656,Lausanne,2024,2.0,car,1,3.0,Mezieres,1083,20.3,38,F,0,1.0,57800
E1656,Lausanne,2025,4.0,car,1,2.6,Mezieres,1083,20.3,38,F,0,1.0,57800
E1657,Lausanne,2024,2.0,bus,0,0.0,Mezieres,1083,25.9,45,M,0,1.0,85600
E1657,Lausanne,2025,4.0,bus,0,0.0,Mezieres,1083,25.9,45,M,0,1.0,85600
E1658,Lausanne,2024,2.0,car,1,3.9,Corcelles-le-Jorat,1082,18.6,48,F,0,1.0,61300
E1658,Lausanne,2025,4.0,car,1,4.0,Corcelles-le-Jorat,1082,18.6,48,F,0,1.0,61300
E1659,Lausanne,2024,2.0,car,1,4.5,Froideville,1055,11.4,38,M,1,1.0,65300
E1659,Lausanne,2025,4.0,car,1,3.9,Froideville,1055,11.4,38,M,1,1.0,65300
E1660,Lausanne,2024,2.0,bus,0,0.0,Crissier,1023,7.5,40,M,0,1.0,173200
E1660,Lausanne,2025,4.0,bus,0,0.0,Crissier,1023,7.5,40,M,0,1.0,173200
E1661,Lausanne,2024,2.0,bike,0,0.0,Epalinges,1066,6.7,55,F,0,1.0,99100
E1661,Lausanne,2025,4.0,bike,0,0.0,Epalinges,1066,6.7,55,F,0,1.0,99100
E1662,Lausanne,2024,2.0,bus,0,0.0,Morges,1110,12.4,26,M,0,1.0,87600
E1662,Lausanne,2025,4.0,bus,0,0.0,Morges,1110,12.4,26,M,0,1.0,87600
E1663,Lausanne,2024,2.0,bike,0,0.0,Prilly,1008,3.8,36,M,0,1.0,107800
E1663,Lausanne,2025,4.0,bike,0,0.0,Prilly,1008,3.8,36,M,0,1.0,107800
E1664,Lausanne,2024,2.0,car,1,3.5,Vulliens,1085,34.6,30,M,1,1.0,66700
E1664,Lausanne,2025,4.0,car,1,3.9,Vulliens,1085,34.6,30,M,1,1.0,66700
E1665,Lausanne,2024,2.0,bus,0,0.0,Lausanne,1004,2.8,45,F,0,1.0,73900
E1665,Lausanne,2025,4.0,bus,0,0.0,Lausanne,1004,2.8,45,F,0,1.0,73900
E1666,Lausanne,2024,2.0,bike,0,0.0,Renens,1020,4.2,64,F,0,1.0,106600
E1666,Lausanne,2025,4.0,bike,0,0.0,Renens,1020,4.2,64,F,0,1.0,106600
E1667,Lausanne,2024,2.0,bus,0,0.0,Servion,1077,12.1,31,M,0,1.0,77300
E1667,Lausanne,2025,4.0,bus,0,0.0,Servion,1077,12.1,31,M,0,1.0,77300
E1668,Lausanne,2024,2.0,car,1,3.1,Corcelles-le-Jorat,1082,21.6,55,M,0,1.0,74300
E1668,Lausanne,2025,4.0,car,1,2.7,Corcelles-le-Jorat,1082,21.6,55,M,0,1.0,74300
E1669,Lausanne,2024,2.0,bus,0,0.0,Renens,1020,6.2,57,F,0,1.0,97100
E1669,Lausanne,2025,4.0,bus,0,0.0,Renens,1020,6.2,57,F,0,1.0,97100
E1670,Lausanne,2024,2.0,car,1,3.8,Vulliens,1085,19.1,22,F,2,1.0,47400
E1670,Lausanne,2025,4.0,car,1,4.0,Vulliens,1085,19.1,22,F,2,1.0,47400
E1671,Lausanne,2024,2.0,car,1,3.4,CUGY,1053,10.9,30,F,1,0.8,61700
E1671,Lausanne,2025,4.0,car,1,3.0,Cugy,1053,10.9,30,F,1,0.8,61700
E1672,Lausanne,2024,2.0,car,1,3.9,Lutry,1095,7.4,43,F,2,1.0,121600
E1672,Lausanne,2025,4.0,car,1,4.5,Lutry,1095,7.4,43,F,2,1.0,
E1673,Lausanne,2024,2.0,car,1,4.6,Morges,1110,12.9,33,M,2,1.0,123600
E1673,Lausanne,2025,4.0,car,1,4.1,Morges,1110,12.9,33,M,2,1.0,123600
E1674,Lausanne,2024,2.0,bus,0,0.0,Pully,1009,4.4,46,M,0,1.0,99400
E1674,Lausanne,2025,4.0,bus,0,0.0,Pully,1009,4.4,46,M,0,1.0,99400
E1675,Lausanne,2024,2.0,bus,0,0.0,Lausanne,1004,2.9,57,M,0,1.0,74800
E1675,Lausanne,2025,4.0,bus,0,0.0,Lausanne,1004,2.9,57,M,0,1.0,74800
E1676,Lausanne,2024,2.0,bike,0,0.0,Pully,1009,5.7,50,F,0,1.0,112600
E1676,Lausanne,2025,4.0,bike,0,0.0,Pully,1009,5.7,50,F,0,1.0,112600
E1677,Lausanne,2024,2.0,car,1,2.7,Pully,1009,4.5,41,M,2,0.8,99200
E1677,Lausanne,2025,4.0,car,1,3.7,Pully,1009,4.5,41,M,2,0.8,99200
E1678,Lausanne,2024,2.0,bus,0,0.0,Lausanne,1004,2.6,49,F,0,1.0,122300
E1678,Lausanne,2025,4.0,bus,0,0.0,Lausanne,1004,2.6,49,F,0,1.0,122300
E1679,Lausanne,2024,2.0,car,1,2.4,Lausanne,1004,2.5,47,F,1,1.0,90900
E1679,Lausanne,2025,4.0,car,1,2.1,Lausanne,1004,2.5,47,F,1,1.0,90900
E1680,Lausanne,2024,2.0,bus,0,0.0,Renens,1020,6.0,30,M,2,1.0,55000
E1680,Lausanne,2025,4.0,bus,0,0.0,Renens,1020,6.0,30,M,2,1.0,55000
E1681,Lausanne,2024,2.0,car,1,2.9,Crissier,1023,5.9,37,F,2,1.0,
E1681,Lausanne,2025,4.0,bike,0,0.0,Crissier,1023,5.9,37,F,2,1.0,59500
E1682,Lausanne,2024,2.0,bus,0,0.0,Lutry,1095,8.8,48,F,0,1.0,82500
E1682,Lausanne,2025,4.0,bus,0,0.0,Lutry,1095,8.8,48,F,0,1.0,82500
E1683,Lausanne,2024,2.0,car,1,4.3,Bussigny,1030,7.9,42,M,2,1.0,90900
E1683,Lausanne,2025,4.0,car,1,3.9,Bussigny,1030,7.9,42,M,2,1.0,90900
E1684,Lausanne,2024,2.0,bus,0,0.0,Morges,1110,8.7,46,M,0,1.0,77600
E1684,Lausanne,2025,4.0,bus,0,0.0,Morges,1110,8.7,46,M,0,1.0,77600
E1685,Lausanne,2024,2.0,car,1,3.9,Cheseaux-sur-Lausanne,1033,8.0,52,M,1,1.0,96000
E1685,Lausanne,2025,4.0,car,1,3.3,Cheseaux-sur-Lausanne,1033,8.0,52,M,1,1.0,96000
E1686,Lausanne,2024,2.0,car,1,3.9,Savigny,1073,12.3,22,M,0,1.0,114800
E1686,Lausanne,2025,4.0,car,1,3.2,Savigny,1073,12.3,22,M,0,1.0,114800
E1687,Lausanne,2024,2.0,car,1,3.0,Ecublens,1024,9.6,58,M,0,1.0,94900
E1687,Lausanne,2025,4.0,bus,0,0.0,Ecublens,1024,9.6,58,M,0,1.0,94900
E1688,Lausanne,2024,2.0,bus,0,0.0,Bussigny,1030,11.4,24,M,0,1.0,75500
E1688,Lausanne,2025,4.0,bus,0,0.0,Bussigny,1030,11.4,24,M,0,1.0,75500
E1689,Lausanne,2024,2.0,car,1,4.8,Mezieres,1083,18.8,43,M,2,1.0,93500
E1689,Lausanne,2025,4.0,car,1,4.5,Mezieres,1083,18.8,43,M,2,1.0,93500
E1690,Lausanne,2024,2.0,bus,0,0.0,Lausanne,1004,1.9,45,M,1,1.0,70900
E1690,Lausanne,2025,4.0,bus,0,0.0,Lausanne,1004,1.9,45,M,1,1.0,70900
E1691,Lausanne,2024,2.0,bus,0,0.0,Bussigny,1030,10.7,42,M,2,0.8,61800
E1691,Lausanne,2025,4.0,bus,0,0.0,Bussigny,1030,10.7,42,M,2,0.8,61800
E1692,Lausanne,2024,2.0,car,1,4.9,Lutry,1095,6.0,45,F,2,1.0,137700
E1692,Lausanne,2025,4.0,car,1,4.2,Lutry,1095,6.0,45,F,2,1.0,137700
E1693,Lausanne,2024,2.0,bus,0,0.0,Ecublens,1024,7.0,37,F,2,1.0,58500
E1693,Lausanne,2025,4.0,bus,0,0.0,Ecublens,1024,7.0,37,F,2,1.0,58500
E1694,Lausanne,2024,2.0,car,1,3.3,Lutry,1095,10.9,36,M,0,1.0,158600
E1694,Lausanne,2025,4.0,car,1,3.1,Lutry,1095,10.9,36,M,0,1.0,158600
E1695,Lausanne,2024,2.0,car,1,4.5,Savigny,1073,14.2,42,M,2,1.0,132400
E1695,Lausanne,2025,4.0,car,1,5.0,Savigny,1073,14.2,42,M,2,1.0,132400
E1696,Lausanne,2024,2.0,car,1,3.1,Lutry,1095,6.5,45,F,0,0.8,114600
E1696,Lausanne,2025,4.0,car,1,2.1,Lutry,1095,6.5,45,F,0,0.8,114600
E1697,Lausanne,2024,2.0,bus,0,0.0,Morges,1110,12.0,36,M,1,1.0,83200
E1697,Lausanne,2025,4.0,bus,0,0.0,Morges,1110,12.0,36,M,1,1.0,83200
E1698,Lausanne,2024,2.0,car,1,3.8,Romanel-sur-Lausanne,1032,6.8,46,M,1,1.0,80900
E1698,Lausanne,2025,4.0,car,1,3.9,Romanel-sur-Lausanne,1032,6.8,46,M,1,1.0,80900
E1699,Lausanne,2024,2.0,bus,0,0.0,Romanel-sur-Lausanne,1032,5.8,34,F,2,1.0,98900
E1699,Lausanne,2025,4.0,bus,0,0.0,Romanel-sur-Lausanne,1032,5.8,34,F,2,1.0,98900
E1700,Lausanne,2024,2.0,car,1,4.1,Pully,1009,4.7,37,M,1,1.0,190100
E1700,Lausanne,2025,4.0,car,1,3.2,Pully,1009,4.7,37,M,1,1.0,190100
E1701,Lausanne,2024,2.0,bike,0,0.0,Lausanne,1004,2.4,41,M,2,1.0,113600
E1701,Lausanne,2025,4.0,bike,0,0.0,Lausanne,1004,2.4,41,M,2,1.0,113600
E1702,Lausanne,2024,2.0,car,1,3.8,Corcelles-le-Jorat,1082,20.6,47,F,2,1.0,70700
E1702,Lausanne,2025,4.0,car,1,3.9,Corcelles-le-Jorat,1082,20.6,47,F,2,1.0,70700
E1703,Lausanne,2024,2.0,bike,0,0.0,Chavannes-pres-Renens,1022,7.8,40,M,2,1.0,47800
E1703,Lausanne,2025,4.0,bike,0,0.0,Chavannes-pres-Renens,1022,7.8,40,M,2,1.0,47800
E1704,Lausanne,2024,2.0,bus,0,0.0,PRILLY,1008,3.4,47,F,0,0.6,48500
E1704,Lausanne,2025,4.0,bus,0,0.0,Prilly,1008,3.4,47,F,0,0.6,48500
E1705,Lausanne,2024,2.0,car,1,3.3,Renens,1020,3.4,59,M,0,1.0,87700
E1705,Lausanne,2025,4.0,car,1,2.7,Renens,1020,3.4,59,M,0,1.0,87700
E1706,Lausanne,2024,2.0,bus,0,0.0,Pully,1009,6.8,38,M,0,1.0,77000
E1706,Lausanne,2025,4.0,bus,0,0.0,Pully,1009,6.8,38,M,0,1.0,77000
E1707,Lausanne,2024,2.0,car,1,2.5,Morges,1110,11.3,56,F,1,1.0,92100
E1707,Lausanne,2025,4.0,bus,0,0.0,Morges,1110,11.3,56,F,1,1.0,92100
E1708,Lausanne,2024,2.0,car,1,5.0,Crissier,1023,7.4,30,F,2,1.0,107500
E1708,Lausanne,2025,4.0,car,1,4.6,Crissier,1023,7.4,30,F,2,1.0,107500
E1709,Lausanne,2024,2.0,bike,0,0.0,Pully,1009,4.2,49,F,0,0.6,55700
E1709,Lausanne,2025,4.0,bike,0,0.0,Pully,1009,4.2,49,F,0,0.6,55700
E1710,Lausanne,2024,2.0,bike,0,0.0,Lausanne,1004,2.6,41,F,1,1.0,91000
E1710,Lausanne,2025,4.0,bike,0,0.0,Lausanne,1004,2.6,41,F,1,1.0,91000
E1711,Lausanne,2024,2.0,car,1,3.9,Ropraz,1088,24.6,64,F,0,1.0,138200
E1711,Lausanne,2025,4.0,car,1,4.2,Ropraz,1088,24.6,64,F,0,1.0,138200
E1712,Lausanne,2024,2.0,car,1,3.0,Lausanne,1004,2.8,38,M,2,1.0,113400
E1712,Lausanne,2025,4.0,car,1,2.9,Lausanne,1004,2.8,38,M,2,1.0,113400
E1713,Lausanne,2024,2.0,car,1,4.6,Mezieres,1083,20.4,35,M,1,1.0,102800
E1713,Lausanne,2025,4.0,car,1,5.0,MEZIERES,1083,20.4,35,M,1,1.0,102800
E1714,Lausanne,2024,2.0,bus,0,0.0,Lausanne,1004,3.4,53,F,0,1.0,73000
E1714,Lausanne,2025,4.0,bus,0,0.0,Lausanne,1004,3.4,53,F,0,1.0,73000
E1715,Lausanne,2024,2.0,bus,0,0.0,Crissier,1023,6.3,47,M,0,1.0,109100
E1715,Lausanne,2025,4.0,bus,0,0.0,Crissier,1023,6.3,47,M,0,1.0,109100
E1716,Lausanne,2024,2.0,bus,0,0.0,Cheseaux-sur-Lausanne,1033,9.4,44,M,2,1.0,
E1716,Lausanne,2025,4.0,bus,0,0.0,Cheseaux-sur-Lausanne,1033,9.4,44,M,2,1.0,
E1717,Lausanne,2024,2.0,bus,0,0.0,Le Mont-sur-Lausanne,1052,6.8,22,M,0,1.0,
E1717,Lausanne,2025,4.0,bus,0,0.0,Le Mont-sur-Lausanne,1052,6.8,22,M,0,1.0,60400
E1718,Lausanne,2024,2.0,bus,0,0.0,Epalinges,1066,7.4,47,M,0,1.0,145600
E1718,Lausanne,2025,4.0,bus,0,0.0,Epalinges,1066,7.4,47,M,0,1.0,145600
E1719,Lausanne,2024,2.0,bus,0,0.0,Lausanne,1004,2.8,42,F,1,1.0,109600
E1719,Lausanne,2025,4.0,bus,0,0.0,Lausanne,1004,2.8,42,F,1,1.0,109600
E1720,Lausanne,2024,2.0,car,1,4.1,Savigny,1073,11.9,44,M,1,1.0,149300
E1720,Lausanne,2025,4.0,car,1,3.2,Savigny,1073,11.9,44,M,1,1.0,149300
E1721,Lausanne,2024,2.0,car,1,3.0,Le Mont-sur-Lausanne,1052,5.0,35,F,2,0.8,80100
E1721,Lausanne,2025,4.0,car,1,2.5,Le Mont-sur-Lausanne,1052,5.0,35,F,2,0.8,80100
E1722,Lausanne,2024,2.0,car,1,5.0,Servion,1077,22.8,56,M,0,1.0,123600
E1722,Lausanne,2025,4.0,car,1,4.1,Servion,1077,22.8,56,M,0,1.0,123600
E1723,Lausanne,2024,2.0,car,1,4.6,Vulliens,1085,24.2,43,M,2,1.0,
E1723,Lausanne,2025,4.0,car,1,4.6,Vulliens,1085,24.2,43,M,2,1.0,75700
E1724,Lausanne,2024,2.0,car,1,3.4,Lutry,1095,6.2,40,F,1,1.0,
E1724,Lausanne,2025,4.0,car,1,3.7,Lutry,1095,6.2,40,F,1,1.0,79400
E1725,Lausanne,2024,2.0,bus,0,0.0,Cheseaux-sur-Lausanne,1033,8.4,27,M,0,1.0,
E1725,Lausanne,2025,4.0,bus,0,0.0,Cheseaux-sur-Lausanne,1033,8.4,27,M,0,1.0,89300
E1726,Lausanne,2024,2.0,car,1,4.2,Montpreveyres,1081,15.5,41,F,0,1.0,120800
E1726,Lausanne,2025,4.0,car,1,3.4,MONTPREVEYRES,1081,15.5,41,F,0,1.0,120800
E1727,Lausanne,2024,2.0,bus,0,0.0,Romanel-sur-Lausanne,1032,5.3,32,M,0,1.0,141500
E1727,Lausanne,2025,4.0,bus,0,0.0,Romanel-sur-Lausanne,1032,5.3,32,M,0,1.0,141500
E1728,Lausanne,2024,2.0,car,1,2.9,Bussigny,1030,8.7,56,M,0,1.0,124800
E1728,Lausanne,2025,4.0,car,1,2.4,Bussigny,1030,8.7,56,M,0,1.0,124800
E1729,Lausanne,2024,2.0,car,1,2.7,Crissier,1023,5.2,45,M,0,1.0,62300
E1729,Lausanne,2025,4.0,car,1,2.4,Crissier,1023,5.2,45,M,0,1.0,62300
E1730,Lausanne,2024,2.0,bus,0,0.0,Crissier,1023,7.1,37,M,0,1.0,88400
E1730,Lausanne,2025,4.0,bus,0,0.0,Crissier,1023,7.1,37,M,0,1.0,88400
E1731,Lausanne,2024,2.0,car,1,3.4,Le Mont-sur-Lausanne,1052,5.5,41,F,1,1.0,98000
E1731,Lausanne,2025,4.0,bus,0,0.0,Le Mont-sur-Lausanne,1052,5.5,41,F,1,1.0,98000
E1732,Lausanne,2024,2.0,car,1,3.7,Le Mont-sur-Lausanne,1052,7.0,57,M,0,1.0,105800
E1732,Lausanne,2025,4.0,car,1,2.9,Le Mont-sur-Lausanne,1052,7.0,57,M,0,1.0,105800
E1733,Lausanne,2024,2.0,bus,0,0.0,Lausanne,1004,2.9,44,F,1,1.0,93300
E1733,Lausanne,2025,4.0,bus,0,0.0,Lausanne,1004,2.9,44,F,1,1.0,93300
E1734,Lausanne,2024,2.0,bus,0,0.0,LAUSANNE,1004,3.5,43,F,0,1.0,70000
E1734,Lausanne,2025,4.0,bus,0,0.0,Lausanne,1004,3.5,43,F,0,1.0,70000
E1735,Lausanne,2024,2.0,bus,0,0.0,Ecublens,1024,6.4,61,M,2,1.0,103800
E1735,Lausanne,2025,4.0,bus,0,0.0,Ecublens,1024,6.4,61,M,2,1.0,103800
E1736,Lausanne,2024,2.0,bus,0,0.0,Prilly,1008,4.2,46,M,2,1.0,118800
E1736,Lausanne,2025,4.0,bus,0,0.0,Prilly,1008,4.2,46,M,2,1.0,
E1737,Lausanne,2024,2.0,bike,0,0.0,Epalinges,1066,6.8,52,F,0,1.0,87900
E1737,Lausanne,2025,4.0,bike,0,0.0,Epalinges,1066,6.8,52,F,0,1.0,87900
E1738,Lausanne,2024,2.0,car,1,4.1,Vulliens,1085,27.2,39,F,0,1.0,97000
E1738,Lausanne,2025,4.0,car,1,3.6,Vulliens,1085,27.2,39,F,0,1.0,97000
E1739,Lausanne,2024,2.0,bus,0,0.0,Renens,1020,4.7,39,M,0,1.0,70700
E1739,Lausanne,2025,4.0,bus,0,0.0,Renens,1020,4.7,39,M,0,1.0,70700
E1740,Lausanne,2024,2.0,bus,0,0.0,Cugy,1053,8.5,51,F,2,1.0,115900
E1740,Lausanne,2025,4.0,bus,0,0.0,Cugy,1053,8.5,51,F,2,1.0,115900
E1741,Lausanne,2024,2.0,car,1,4.0,Pully,1009,6.7,42,M,0,1.0,184300
E1741,Lausanne,2025,4.0,car,1,3.3,Pully,1009,6.7,42,M,0,1.0,184300
E1742,Lausanne,2024,2.0,car,1,2.6,Romanel-sur-Lausanne,1032,5.8,46,M,0,1.0,85500
E1742,Lausanne,2025,4.0,bus,0,0.0,Romanel-sur-Lausanne,1032,5.8,46,M,0,1.0,85500
E1743,Lausanne,2024,2.0,bike,0,0.0,Lausanne,1004,2.4,42,F,2,1.0,82200
E1743,Lausanne,2025,4.0,bike,0,0.0,Lausanne,1004,2.4,42,F,2,1.0,82200
E1744,Lausanne,2024,2.0,car,1,5.0,Le Mont-sur-Lausanne,1052,5.7,43,F,2,1.0,133200
E1744,Lausanne,2025,4.0,car,1,4.6,Le Mont-sur-Lausanne,1052,5.7,43,F,2,1.0,133200
E1745,Lausanne,2024,2.0,bus,0,0.0,Crissier,1023,7.4,41,M,0,1.0,103900
E1745,Lausanne,2025,4.0,bus,0,0.0,Crissier,1023,7.4,41,M,0,1.0,103900
E1746,Lausanne,2024,2.0,car,1,2.8,Cugy,1053,8.7,30,F,0,1.0,169800
E1746,Lausanne,2025,4.0,car,1,2.5,Cugy,1053,8.7,30,F,0,1.0,169800
E1747,Lausanne,2024,2.0,bike,0,0.0,Lausanne,1004,3.2,56,F,0,1.0,128400
E1747,Lausanne,2025,4.0,bike,0,0.0,Lausanne,1004,3.2,56,F,0,1.0,128400
E1748,Lausanne,2024,2.0,bus,0,0.0,Crissier,1023,8.2,37,M,1,1.0,86200
E1748,Lausanne,2025,4.0,bus,0,0.0,Crissier,1023,8.2,37,M,1,1.0,86200
E1749,Lausanne,2024,2.0,bus,0,0.0,Savigny,1073,11.8,31,M,2,1.0,78400
E1749,Lausanne,2025,4.0,bus,0,0.0,Savigny,1073,11.8,31,M,2,1.0,78400
E1750,Lausanne,2024,2.0,car,1,3.5,Epalinges,1066,7.2,43,F,2,0.8,97100
E1750,Lausanne,2025,4.0,car,1,4.1,Epalinges,1066,7.2,43,F,2,0.8,97100
E1751,Lausanne,2024,2.0,car,1,3.0,Lausanne,1004,2.9,36,F,0,1.0,150900
E1751,Lausanne,2025,4.0,bike,0,0.0,Lausanne,1004,2.9,36,F,0,1.0,150900
E1752,Lausanne,2024,2.0,car,1,3.6,Savigny,1073,11.0,55,M,0,1.0,147300
E1752,Lausanne,2025,4.0,car,1,3.9,Savigny,1073,11.0,55,M,0,1.0,147300
E1753,Lausanne,2024,2.0,car,1,2.7,Renens,1020,6.6,49,M,0,1.0,65100
E1753,Lausanne,2025,4.0,bus,0,0.0,Renens,1020,6.6,49,M,0,1.0,
E1754,Lausanne,2024,2.0,bike,0,0.0,Lausanne,1004,3.3,37,F,0,1.0,76400
E1754,Lausanne,2025,4.0,bike,0,0.0,Lausanne,1004,3.3,37,F,0,1.0,
E1755,Lausanne,2024,2.0,car,1,2.6,Lausanne,1004,3.0,34,F,1,1.0,67000
E1755,Lausanne,2025,4.0,bike,0,0.0,Lausanne,1004,3.0,34,F,1,1.0,67000
E1756,Lausanne,2024,2.0,bus,0,0.0,Cheseaux-sur-Lausanne,1033,6.5,49,F,0,1.0,110400
E1756,Lausanne,2025,4.0,bus,0,0.0,Cheseaux-sur-Lausanne,1033,6.5,49,F,0,1.0,110400
E1757,Lausanne,2024,2.0,car,1,4.7,Savigny,1073,9.3,36,M,2,1.0,100000
E1757,Lausanne,2025,4.0,car,1,5.0,Savigny,1073,9.3,36,M,2,1.0,100000
E1758,Lausanne,2024,2.0,car,1,2.9,Bottens,1041,11.1,29,M,0,1.0,66700
E1758,Lausanne,2025,4.0,car,1,2.8,Bottens,1041,11.1,29,M,0,1.0,66700
E1759,Lausanne,2024,2.0,car,1,3.7,Lutry,1095,7.9,26,M,0,1.0,75000
E1759,Lausanne,2025,4.0,car,1,2.8,Lutry,1095,7.9,26,M,0,1.0,75000
E1760,Lausanne,2024,2.0,car,1,3.4,Froideville,1055,13.9,50,M,0,1.0,95800
E1760,Lausanne,2025,4.0,car,1,2.2,Froideville,1055,13.9,50,M,0,1.0,95800
E1761,Lausanne,2024,2.0,car,1,4.3,Servion,1077,21.4,27,M,0,1.0,84800
E1761,Lausanne,2025,4.0,car,1,3.6,Servion,1077,21.4,27,M,0,1.0,84800
E1762,Lausanne,2024,2.0,car,1,3.9,Morges,1110,15.6,31,M,2,1.0,119400
E1762,Lausanne,2025,4.0,car,1,3.5,Morges,1110,15.6,31,M,2,1.0,119400
E1763,Lausanne,2024,2.0,bus,0,0.0,Le Mont-sur-Lausanne,1052,4.5,50,M,2,1.0,103200
E1763,Lausanne,2025,4.0,bus,0,0.0,Le Mont-sur-Lausanne,1052,4.5,50,M,2,1.0,103200
E1764,Lausanne,2024,2.0,car,1,4.7,Corcelles-le-Jorat,1082,14.9,51,F,1,1.0,123800
E1764,Lausanne,2025,4.0,car,1,4.9,Corcelles-le-Jorat,1082,14.9,51,F,1,1.0,123800
E1765,Lausanne,2024,2.0,car,1,3.7,Crissier,1023,5.9,31,F,2,1.0,42500
E1765,Lausanne,2025,4.0,car,1,4.3,Crissier,1023,5.9,31,F,2,1.0,42500
E1766,Lausanne,2024,2.0,bike,0,0.0,Renens,1020,5.4,37,M,0,1.0,126700
E1766,Lausanne,2025,4.0,bike,0,0.0,Renens,1020,5.4,37,M,0,1.0,126700
E1767,Lausanne,2024,2.0,car,1,4.6,Servion,1077,21.0,52,M,1,1.0,61500
E1767,Lausanne,2025,4.0,car,1,4.1,Servion,1077,21.0,52,M,1,1.0,61500
E1768,Lausanne,2024,2.0,bus,0,0.0,Lausanne,1004,2.5,45,F,0,1.0,74100
E1768,Lausanne,2025,4.0,bus,0,0.0,Lausanne,1004,2.5,45,F,0,1.0,74100
E1769,Lausanne,2024,2.0,bike,0,0.0,Bussigny,1030,8.8,38,M,2,1.0,83600
E1769,Lausanne,2025,4.0,bike,0,0.0,Bussigny,1030,8.8,38,M,2,1.0,83600
E1770,Lausanne,2024,2.0,car,1,5.0,Servion,1077,21.3,44,F,2,1.0,72200
E1770,Lausanne,2025,4.0,car,1,5.0,Servion,1077,21.3,44,F,2,1.0,72200
E1771,Lausanne,2024,2.0,car,1,3.6,Lutry,1095,8.1,47,M,2,1.0,222500
E1771,Lausanne,2025,4.0,car,1,3.5,Lutry,1095,8.1,47,M,2,1.0,222500
E1772,Lausanne,2024,2.0,bus,0,0.0,Bussigny,1030,11.9,32,F,2,1.0,
E1772,Lausanne,2025,4.0,bus,0,0.0,Bussigny,1030,11.9,32,F,2,1.0,
E1773,Lausanne,2024,2.0,bus,0,0.0,Chavannes-pres-Renens,1022,6.0,32,F,0,0.6,
E1773,Lausanne,2025,4.0,bus,0,0.0,Chavannes-pres-Renens,1022,6.0,32,F,0,0.6,73000
E1774,Lausanne,2024,2.0,bus,0,0.0,Renens,1020,4.9,54,M,0,1.0,31800
E1774,Lausanne,2025,4.0,bus,0,0.0,Renens,1020,4.9,54,M,0,1.0,31800
E1775,Lausanne,2024,2.0,bus,0,0.0,Morges,1110,10.8,60,M,0,1.0,66900
E1775,Lausanne,2025,4.0,bus,0,0.0,Morges,1110,10.8,60,M,0,1.0,66900
E1776,Lausanne,2024,2.0,bus,0,0.0,Lutry,1095,9.8,52,M,2,1.0,137000
E1776,Lausanne,2025,4.0,bus,0,0.0,Lutry,1095,9.8,52,M,2,1.0,137000
E1777,Lausanne,2024,2.0,bus,0,0.0,Morges,1110,15.5,41,F,0,1.0,67800
E1777,Lausanne,2025,4.0,bus,0,0.0,Morges,1110,15.5,41,F,0,1.0,
E1778,Lausanne,2024,2.0,bus,0,0.0,Lutry,1095,8.7,36,M,0,1.0,71500
E1778,Lausanne,2025,4.0,bus,0,0.0,Lutry,1095,8.7,36,M,0,1.0,71500
E1779,Lausanne,2024,2.0,car,1,4.4,Montpreveyres,1081,19.0,43,F,2,0.6,45400
E1779,Lausanne,2025,4.0,car,1,4.3,Montpreveyres,1081,19.0,43,F,2,0.6,45400
E1780,Lausanne,2024,2.0,bus,0,0.0,Le Mont-sur-Lausanne,1052,7.6,53,F,0,1.0,98600
E1780,Lausanne,2025,4.0,bus,0,0.0,Le Mont-sur-Lausanne,1052,7.6,53,F,0,1.0,98600
E1781,Lausanne,2024,2.0,car,1,3.3,Epalinges,1066,7.8,55,F,0,1.0,103600
E1781,Lausanne,2025,4.0,car,1,2.6,Epalinges,1066,7.8,55,F,0,1.0,
E1782,Lausanne,2024,2.0,car,1,4.3,Savigny,1073,16.2,43,F,1,1.0,91200
E1782,Lausanne,2025,4.0,car,1,3.8,Savigny,1073,16.2,43,F,1,1.0,91200
E1783,Lausanne,2024,2.0,bus,0,0.0,Morges,1110,11.4,47,M,0,1.0,105900
E1783,Lausanne,2025,4.0,bus,0,0.0,MORGES,1110,11.4,47,M,0,1.0,105900
E1784,Lausanne,2024,2.0,bike,0,0.0,Prilly,1008,3.5,28,M,0,0.8,70500
E1784,Lausanne,2025,4.0,bike,0,0.0,Prilly,1008,3.5,28,M,0,0.8,70500
E1785,Lausanne,2024,2.0,car,1,3.8,Cheseaux-sur-Lausanne,1033,11.3,41,M,0,1.0,121800
E1785,Lausanne,2025,4.0,bus,0,0.0,Cheseaux-sur-Lausanne,1033,11.3,41,M,0,1.0,121800
E1786,Lausanne,2024,2.0,bike,0,0.0,Cugy,1053,9.3,57,F,0,1.0,114800
E1786,Lausanne,2025,4.0,bike,0,0.0,Cugy,1053,9.3,57,F,0,1.0,114800
E1787,Lausanne,2024,2.0,car,1,4.5,Ropraz,1088,15.3,41,F,2,1.0,53000
E1787,Lausanne,2025,4.0,car,1,5.0,Ropraz,1088,15.3,41,F,2,1.0,53000
E1788,Lausanne,2024,2.0,car,1,3.6,Lausanne,1004,2.8,47,M,2,1.0,74000
E1788,Lausanne,2025,4.0,bike,0,0.0,Lausanne,1004,2.8,47,M,2,1.0,74000
E1789,Lausanne,2024,2.0,bus,0,0.0,Crissier,1023,8.4,52,F,0,1.0,79800
E1789,Lausanne,2025,4.0,bus,0,0.0,Crissier,1023,8.4,52,F,0,1.0,79800
E1790,Lausanne,2024,2.0,bike,0,0.0,Lausanne,1004,2.8,51,M,0,1.0,121600
E1790,Lausanne,2025,4.0,bike,0,0.0,Lausanne,1004,2.8,51,M,0,1.0,121600
E1791,Lausanne,2024,2.0,car,1,3.6,Crissier,1023,8.0,44,F,1,1.0,63000
E1791,Lausanne,2025,4.0,car,1,2.9,Crissier,1023,8.0,44,F,1,1.0,63000
E1792,Lausanne,2024,2.0,bus,0,0.0,Chavannes-pres-Renens,1022,7.4,37,M,0,1.0,101500
E1792,Lausanne,2025,4.0,bus,0,0.0,Chavannes-pres-Renens,1022,7.4,37,M,0,1.0,101500
E1793,Lausanne,2024,2.0,bike,0,0.0,Renens,1020,3.9,22,M,0,1.0,45200
E1793,Lausanne,2025,4.0,bike,0,0.0,Renens,1020,3.9,22,M,0,1.0,45200
E1794,Lausanne,2024,2.0,car,1,3.1,Vulliens,1085,26.0,31,F,1,1.0,71400
E1794,Lausanne,2025,4.0,car,1,3.3,Vulliens,1085,26.0,31,F,1,1.0,71400
E1795,Lausanne,2024,2.0,car,1,3.9,Lutry,1095,8.0,40,F,2,1.0,99700
E1795,Lausanne,2025,4.0,car,1,3.9,Lutry,1095,8.0,40,F,2,1.0,99700
E1796,Lausanne,2024,2.0,car,1,3.3,PULLY,1009,4.5,50,M,0,1.0,145700
E1796,Lausanne,2025,4.0,car,1,2.5,Pully,1009,4.5,50,M,0,1.0,145700
E1797,Lausanne,2024,2.0,bus,0,0.0,Cheseaux-sur-Lausanne,1033,7.0,45,M,0,1.0,135300
E1797,Lausanne,2025,4.0,bus,0,0.0,Cheseaux-sur-Lausanne,1033,7.0,45,M,0,1.0,135300
E1798,Lausanne,2024,2.0,bus,0,0.0,Renens,1020,6.7,54,F,1,1.0,
E1798,Lausanne,2025,4.0,bus,0,0.0,Renens,1020,6.7,54,F,1,1.0,86800
E1799,Lausanne,2024,2.0,bus,0,0.0,Renens,1020,4.2,31,F,0,1.0,60800
E1799,Lausanne,2025,4.0,bus,0,0.0,Renens,1020,4.2,31,F,0,1.0,60800
E1800,Sion,2024,2.0,car,1,2.9,ARDON,1957,14.3,55,F,0,0.8,80100
E1800,Sion,2025,2.0,car,1,3.0,ARDON,1957,14.3,55,F,0,0.8,80100
E1801,Sion,2024,2.0,car,1,2.6,Grimisuat,1971,7.3,49,M,0,1.0,93000
E1801,Sion,2025,2.0,car,1,3.4,Grimisuat,1971,7.3,49,M,0,1.0,93000
E1802,Sion,2024,2.0,car,1,3.3,Sion,1950,1.9,50,F,0,1.0,94600
E1802,Sion,2025,2.0,car,1,3.0,Sion,1950,1.9,50,F,0,1.0,94600
E1803,Sion,2024,2.0,car,1,3.8,Conthey,1964,9.9,47,M,2,1.0,109300
E1803,Sion,2025,2.0,car,1,4.0,Conthey,1964,9.9,47,M,2,1.0,109300
E1804,Sion,2024,2.0,car,1,3.0,Conthey,1964,9.8,48,M,0,1.0,81600
E1804,Sion,2025,2.0,car,1,3.0,Conthey,1964,9.8,48,M,0,1.0,81600
E1805,Sion,2024,2.0,car,1,4.7,Ayent,1966,19.4,43,F,2,1.0,
E1805,Sion,2025,2.0,car,1,3.8,Ayent,1966,19.4,43,F,2,1.0,74700
E1806,Sion,2024,2.0,bus,0,0.0,Arbaz,1974,12.4,30,M,1,1.0,90600
E1806,Sion,2025,2.0,bus,0,0.0,Arbaz,1974,12.4,30,M,1,1.0,90600
E1807,Sion,2024,2.0,car,1,4.5,Ayent,1966,10.1,38,M,2,1.0,73100
E1807,Sion,2025,2.0,car,1,4.4,Ayent,1966,10.1,38,M,2,1.0,73100
E1808,Sion,2024,2.0,car,1,3.9,Vetroz,1963,6.7,49,M,0,1.0,90700
E1808,Sion,2025,2.0,car,1,3.3,Vetroz,1963,6.7,49,M,0,1.0,90700
E1809,Sion,2024,2.0,car,1,3.4,Ayent,1966,13.7,49,M,0,1.0,98100
E1809,Sion,2025,2.0,car,1,4.1,Ayent,1966,13.7,49,M,0,1.0,98100
E1810,Sion,2024,2.0,car,1,3.6,Bramois,1967,4.5,55,F,0,0.6,85700
E1810,Sion,2025,2.0,car,1,3.3,Bramois,1967,4.5,55,F,0,0.6,85700
E1811,Sion,2024,2.0,car,1,3.1,Ayent,1966,14.0,29,F,0,1.0,66900
E1811,Sion,2025,2.0,car,1,4.2,AYENT,1966,14.0,29,F,0,1.0,66900
E1812,Sion,2024,2.0,bus,0,0.0,Conthey,1964,6.5,44,M,1,1.0,63900
E1812,Sion,2025,2.0,bus,0,0.0,Conthey,1964,6.5,44,M,1,1.0,63900
E1813,Sion,2024,2.0,car,1,2.9,Vetroz,1963,6.8,47,F,0,1.0,73300
E1813,Sion,2025,2.0,car,1,2.6,Vetroz,1963,6.8,47,F,0,1.0,73300
E1814,Sion,2024,2.0,bike,0,0.0,Sion,1950,2.0,56,F,0,0.8,85400
E1814,Sion,2025,2.0,bike,0,0.0,Sion,1950,2.0,56,F,0,0.8,85400
E1815,Sion,2024,2.0,car,1,3.0,Sion,1950,2.5,61,F,1,1.0,67900
E1815,Sion,2025,2.0,car,1,3.6,Sion,1950,2.5,61,F,1,1.0,67900
E1816,Sion,2024,2.0,bus,0,0.0,Savieze,1965,7.6,28,F,0,0.8,51800
E1816,Sion,2025,2.0,bus,0,0.0,Savieze,1965,7.6,28,F,0,0.8,51800
E1817,Sion,2024,2.0,car,1,3.1,Savieze,1965,7.2,46,F,0,1.0,
E1817,Sion,2025,2.0,car,1,3.3,Savieze,1965,7.2,46,F,0,1.0,78500
E1818,Sion,2024,2.0,bike,0,0.0,Conthey,1964,5.5,39,F,0,1.0,151900
E1818,Sion,2025,2.0,bike,0,0.0,Conthey,1964,5.5,39,F,0,1.0,151900
E1819,Sion,2024,2.0,bus,0,0.0,Nendaz,1997,15.5,34,F,0,1.0,99200
E1819,Sion,2025,2.0,bus,0,0.0,Nendaz,1997,15.5,34,F,0,1.0,99200
E1820,Sion,2024,2.0,car,1,4.1,Evolene,1983,34.5,45,F,1,0.8,53200
E1820,Sion,2025,2.0,car,1,4.0,Evolene,1983,34.5,45,F,1,0.8,53200
E1821,Sion,2024,2.0,car,1,3.4,SAVIEZE,1965,7.9,57,F,0,1.0,
E1821,Sion,2025,2.0,car,1,3.5,Savieze,1965,7.9,57,F,0,1.0,87000
E1822,Sion,2024,2.0,bike,0,0.0,Sion,1950,2.2,30,M,2,1.0,57400
E1822,Sion,2025,2.0,bike,0,0.0,Sion,1950,2.2,30,M,2,1.0,57400
E1823,Sion,2024,2.0,car,1,4.0,Ardon,1957,15.0,42,M,1,1.0,94500
E1823,Sion,2025,2.0,car,1,4.9,Ardon,1957,15.0,42,M,1,1.0,94500
E1824,Sion,2024,2.0,bus,0,0.0,Bramois,1967,5.5,49,M,0,1.0,96100
E1824,Sion,2025,2.0,bus,0,0.0,Bramois,1967,5.5,49,M,0,1.0,96100
E1825,Sion,2024,2.0,car,1,3.4,Nendaz,1997,9.2,32,F,0,1.0,52300
E1825,Sion,2025,2.0,car,1,3.1,Nendaz,1997,9.2,32,F,0,1.0,52300
E1826,Sion,2024,2.0,car,1,3.6,Sion,1950,2.5,46,M,2,1.0,106000
E1826,Sion,2025,2.0,car,1,4.0,Sion,1950,2.5,46,M,2,1.0,106000
E1827,Sion,2024,2.0,bus,0,0.0,Vetroz,1963,9.3,32,M,0,1.0,
E1827,Sion,2025,2.0,bus,0,0.0,Vetroz,1963,9.3,32,M,0,1.0,113900
E1828,Sion,2024,2.0,car,1,3.7,Vetroz,1963,7.0,43,M,2,1.0,109900
E1828,Sion,2025,2.0,car,1,5.0,Vetroz,1963,7.0,43,M,2,1.0,109900
E1829,Sion,2024,2.0,car,1,2.5,Ardon,1957,13.3,40,M,0,0.6,54500
E1829,Sion,2025,2.0,car,1,2.1,Ardon,1957,13.3,40,M,0,0.6,54500
E1830,Sion,2024,2.0,car,1,3.9,Salins,1994,5.2,55,F,0,1.0,154900
E1830,Sion,2025,2.0,car,1,4.5,Salins,1994,5.2,55,F,0,1.0,154900
E1831,Sion,2024,2.0,bike,0,0.0,Sion,1950,1.6,49,M,0,0.6,
E1831,Sion,2025,2.0,bike,0,0.0,Sion,1950,1.6,49,M,0,0.6,65500
E1832,Sion,2024,2.0,bus,0,0.0,Savieze,1965,8.5,37,M,1,1.0,102000
E1832,Sion,2025,2.0,bus,0,0.0,Savieze,1965,8.5,37,M,1,1.0,102000
E1833,Sion,2024,2.0,car,1,2.9,Bramois,1967,5.9,40,F,1,1.0,103700
E1833,Sion,2025,2.0,car,1,3.1,Bramois,1967,5.9,40,F,1,1.0,103700
E1834,Sion,2024,2.0,car,1,3.3,Nendaz,1997,19.3,30,M,0,0.8,43400
E1834,Sion,2025,2.0,car,1,3.5,Nendaz,1997,19.3,30,M,0,0.8,43400
E1835,Sion,2024,2.0,car,1,3.0,Savieze,1965,7.8,48,F,0,1.0,155000
E1835,Sion,2025,2.0,car,1,3.1,Savieze,1965,7.8,48,F,0,1.0,155000
E1836,Sion,2024,2.0,bus,0,0.0,Saint-Martin,1969,25.4,22,M,0,1.0,70300
E1836,Sion,2025,2.0,car,1,3.2,Saint-Martin,1969,25.4,22,M,0,1.0,70300
E1837,Sion,2024,2.0,bus,0,0.0,Bramois,1967,4.7,51,M,2,1.0,98000
E1837,Sion,2025,2.0,bus,0,0.0,Bramois,1967,4.7,51,M,2,1.0,98000
E1838,Sion,2024,2.0,bus,0,0.0,Sion,1950,1.7,31,M,2,1.0,99500
E1838,Sion,2025,2.0,car,1,3.2,Sion,1950,1.7,31,M,2,1.0,99500
E1839,Sion,2024,2.0,car,1,4.5,Savieze,1965,5.0,33,F,2,1.0,64200
E1839,Sion,2025,2.0,car,1,4.4,Savieze,1965,5.0,33,F,2,1.0,64200
E1840,Sion,2024,2.0,bike,0,0.0,Sion,1950,2.4,44,F,1,0.8,56800
E1840,Sion,2025,2.0,bike,0,0.0,Sion,1950,2.4,44,F,1,0.8,56800
E1841,Sion,2024,2.0,car,1,3.1,Sion,1950,2.1,39,M,1,1.0,100300
E1841,Sion,2025,2.0,car,1,3.3,Sion,1950,2.1,39,M,1,1.0,100300
E1842,Sion,2024,2.0,car,1,2.7,Heremence,1987,22.1,31,F,0,1.0,82900
E1842,Sion,2025,2.0,car,1,3.1,Heremence,1987,22.1,31,F,0,1.0,82900
E1843,Sion,2024,2.0,car,1,3.9,Sion,1950,2.0,39,F,2,1.0,58800
E1843,Sion,2025,2.0,car,1,4.1,Sion,1950,2.0,39,F,2,1.0,58800
E1844,Sion,2024,2.0,car,1,2.8,Ardon,1957,13.4,56,M,0,1.0,102800
E1844,Sion,2025,2.0,car,1,3.0,Ardon,1957,13.4,56,M,0,1.0,102800
E1845,Sion,2024,2.0,bike,0,0.0,Sion,1950,1.8,37,M,0,0.6,40800
E1845,Sion,2025,2.0,bike,0,0.0,Sion,1950,1.8,37,M,0,0.6,
E1846,Sion,2024,2.0,bus,0,0.0,Ardon,1957,15.2,25,F,0,0.6,39000
E1846,Sion,2025,2.0,bus,0,0.0,Ardon,1957,15.2,25,F,0,0.6,39000
E1847,Sion,2024,2.0,bus,0,0.0,Sion,1950,2.5,56,F,0,1.0,77000
E1847,Sion,2025,2.0,bus,0,0.0,Sion,1950,2.5,56,F,0,1.0,77000
E1848,Sion,2024,2.0,car,1,3.8,Ayent,1966,17.1,30,M,1,1.0,96000
E1848,Sion,2025,2.0,car,1,3.5,Ayent,1966,17.1,30,M,1,1.0,96000
E1849,Sion,2024,2.0,car,1,3.2,Salins,1994,5.1,36,M,1,1.0,95100
E1849,Sion,2025,2.0,car,1,3.2,Salins,1994,5.1,36,M,1,1.0,95100
E1850,Sion,2024,2.0,car,1,2.4,Ardon,1957,13.5,51,M,0,1.0,76600
E1850,Sion,2025,2.0,car,1,2.4,Ardon,1957,13.5,51,M,0,1.0,76600
E1851,Sion,2024,2.0,car,1,4.4,Savieze,1965,7.4,43,M,1,1.0,113200
E1851,Sion,2025,2.0,car,1,3.5,Savieze,1965,7.4,43,M,1,1.0,113200
E1852,Sion,2024,2.0,car,1,4.3,Heremence,1987,18.6,46,M,2,0.6,53200
E1852,Sion,2025,2.0,car,1,4.5,Heremence,1987,18.6,46,M,2,0.6,53200
E1853,Sion,2024,2.0,bike,0,0.0,Sion,1950,2.1,43,F,2,1.0,87300
E1853,Sion,2025,2.0,bike,0,0.0,Sion,1950,2.1,43,F,2,1.0,87300
E1854,Sion,2024,2.0,car,1,2.9,Ardon,1957,11.6,36,M,0,1.0,57900
E1854,Sion,2025,2.0,car,1,3.2,Ardon,1957,11.6,36,M,0,1.0,57900
E1855,Sion,2024,2.0,car,1,2.8,Sion,1950,1.5,48,M,0,1.0,71900
E1855,Sion,2025,2.0,car,1,3.1,Sion,1950,1.5,48,M,0,1.0,71900
E1856,Sion,2024,2.0,bike,0,0.0,Sion,1950,2.2,42,M,0,1.0,
E1856,Sion,2025,2.0,bike,0,0.0,Sion,1950,2.2,42,M,0,1.0,85500
E1857,Sion,2024,2.0,car,1,2.9,Grimisuat,1971,7.9,26,M,0,0.8,52800
E1857,Sion,2025,2.0,car,1,3.4,Grimisuat,1971,7.9,26,M,0,0.8,52800
E1858,Sion,2024,2.0,car,1,2.8,Sion,1950,2.0,46,F,0,0.6,48200
E1858,Sion,2025,2.0,car,1,3.0,Sion,1950,2.0,46,F,0,0.6,48200
E1859,Sion,2024,2.0,bus,0,0.0,Sion,1950,2.0,38,F,0,0.8,77600
E1859,Sion,2025,2.0,bus,0,0.0,Sion,1950,2.0,38,F,0,0.8,77600
E1860,Sion,2024,2.0,bus,0,0.0,Ayent,1966,10.8,48,F,0,1.0,109200
E1860,Sion,2025,2.0,bus,0,0.0,Ayent,1966,10.8,48,F,0,1.0,109200
E1861,Sion,2024,2.0,bus,0,0.0,Bramois,1967,5.4,43,M,2,1.0,87400
E1861,Sion,2025,2.0,bus,0,0.0,Bramois,1967,5.4,43,M,2,1.0,87400
E1862,Sion,2024,2.0,bus,0,0.0,Conthey,1964,9.7,30,M,0,1.0,75500
E1862,Sion,2025,2.0,bus,0,0.0,Conthey,1964,9.7,30,M,0,1.0,75500
E1863,Sion,2024,2.0,car,1,4.4,Heremence,1987,16.3,29,F,2,1.0,42100
E1863,Sion,2025,2.0,car,1,4.0,Heremence,1987,16.3,29,F,2,1.0,42100
E1864,Sion,2024,2.0,car,1,2.9,Ayent,1966,12.0,48,M,0,1.0,91800
E1864,Sion,2025,2.0,car,1,2.9,Ayent,1966,12.0,48,M,0,1.0,91800
E1865,Sion,2024,2.0,car,1,3.4,Sion,1950,1.8,35,F,1,0.6,42400
E1865,Sion,2025,2.0,car,1,3.3,Sion,1950,1.8,35,F,1,0.6,
E1866,Sion,2024,2.0,car,1,5.0,Savieze,1965,7.1,32,M,2,1.0,79500
E1866,Sion,2025,2.0,car,1,4.9,Savieze,1965,7.1,32,M,2,1.0,79500
E1867,Sion,2024,2.0,bike,0,0.0,Savieze,1965,9.1,40,F,2,1.0,109000
E1867,Sion,2025,2.0,bike,0,0.0,Savieze,1965,9.1,40,F,2,1.0,109000
E1868,Sion,2024,2.0,car,1,3.3,Arbaz,1974,16.0,47,F,0,0.6,36500
E1868,Sion,2025,2.0,car,1,3.1,Arbaz,1974,16.0,47,F,0,0.6,36500
E1869,Sion,2024,2.0,car,1,3.2,Nendaz,1997,19.9,48,F,0,0.6,66800
E1869,Sion,2025,2.0,car,1,3.0,Nendaz,1997,19.9,48,F,0,0.6,66800
E1870,Sion,2024,2.0,bus,0,0.0,Vetroz,1963,7.1,37,F,0,1.0,63300
E1870,Sion,2025,2.0,bus,0,0.0,Vetroz,1963,7.1,37,F,0,1.0,63300
E1871,Sion,2024,2.0,car,1,4.2,Arbaz,1974,11.9,40,M,2,1.0,57000
E1871,Sion,2025,2.0,car,1,5.0,Arbaz,1974,11.9,40,M,2,1.0,57000
E1872,Sion,2024,2.0,car,1,3.5,Conthey,1964,6.5,61,M,0,1.0,91000
E1872,Sion,2025,2.0,car,1,4.0,Conthey,1964,6.5,61,M,0,1.0,91000
E1873,Sion,2024,2.0,bike,0,0.0,Bramois,1967,6.2,28,M,0,1.0,56600
E1873,Sion,2025,2.0,bike,0,0.0,Bramois,1967,6.2,28,M,0,1.0,56600
E1874,Sion,2024,2.0,car,1,3.8,Conthey,1964,9.2,32,M,2,1.0,82700
E1874,Sion,2025,2.0,car,1,4.4,Conthey,1964,9.2,32,M,2,1.0,82700
E1875,Sion,2024,2.0,bike,0,0.0,Sion,1950,1.8,42,F,2,1.0,143300
E1875,Sion,2025,2.0,bike,0,0.0,Sion,1950,1.8,42,F,2,1.0,143300
E1876,Sion,2024,2.0,car,1,4.1,Vetroz,1963,6.5,49,M,0,1.0,159700
E1876,Sion,2025,2.0,car,1,4.6,Vetroz,1963,6.5,49,M,0,1.0,159700
E1877,Sion,2024,2.0,car,1,4.7,Grimisuat,1971,7.8,37,M,2,1.0,87700
E1877,Sion,2025,2.0,car,1,4.9,Grimisuat,1971,7.8,37,M,2,1.0,
E1878,Sion,2024,2.0,car,1,3.6,Sion,1950,2.0,41,M,2,1.0,85500
E1878,Sion,2025,2.0,car,1,3.5,Sion,1950,2.0,41,M,2,1.0,
E1879,Sion,2024,2.0,car,1,3.6,Evolene,1983,37.5,55,M,1,1.0,137600
E1879,Sion,2025,2.0,car,1,3.5,Evolene,1983,37.5,55,M,1,1.0,137600
E1880,Sion,2024,2.0,car,1,3.8,Sion,1950,2.2,46,M,2,1.0,125500
E1880,Sion,2025,2.0,car,1,4.3,Sion,1950,2.2,46,M,2,1.0,125500
E1881,Sion,2024,2.0,bus,0,0.0,Sion,1950,2.1,51,F,2,0.8,61000
E1881,Sion,2025,2.0,bus,0,0.0,Sion,1950,2.1,51,F,2,0.8,61000
E1882,Sion,2024,2.0,bus,0,0.0,Sion,1950,1.8,24,M,0,1.0,87000
E1882,Sion,2025,2.0,bus,0,0.0,Sion,1950,1.8,24,M,0,1.0,87000
E1883,Sion,2024,2.0,car,1,3.3,Evolene,1983,26.3,32,F,0,1.0,77800
E1883,Sion,2025,2.0,car,1,3.9,Evolene,1983,26.3,32,F,0,1.0,77800
E1884,Sion,2024,2.0,car,1,3.8,Salins,1994,6.9,49,F,2,1.0,133500
E1884,Sion,2025,2.0,car,1,4.9,Salins,1994,6.9,49,F,2,1.0,133500
E1885,Sion,2024,2.0,car,1,5.0,Sion,1950,1.7,62,F,2,1.0,222500
E1885,Sion,2025,2.0,car,1,5.0,Sion,1950,1.7,62,F,2,1.0,222500
E1886,Sion,2024,2.0,car,1,3.2,Vetroz,1963,9.1,53,F,0,0.8,77500
E1886,Sion,2025,2.0,car,1,3.0,Vetroz,1963,9.1,53,F,0,0.8,77500
E1887,Sion,2024,2.0,car,1,3.7,Savieze,1965,7.4,62,F,0,1.0,144400
E1887,Sion,2025,2.0,car,1,3.3,Savieze,1965,7.4,62,F,0,1.0,144400
E1888,Sion,2024,2.0,car,1,3.0,Arbaz,1974,10.3,41,F,1,0.8,67100
E1888,Sion,2025,2.0,car,1,3.2,Arbaz,1974,10.3,41,F,1,0.8,67100
E1889,Sion,2024,2.0,bus,0,0.0,Sion,1950,1.4,53,F,0,0.8,83300
E1889,Sion,2025,2.0,bus,0,0.0,Sion,1950,1.4,53,F,0,0.8,83300
E1890,Sion,2024,2.0,car,1,3.6,Ardon,1957,13.7,34,M,1,1.0,67000
E1890,Sion,2025,2.0,car,1,3.4,Ardon,1957,13.7,34,M,1,1.0,67000
E1891,Sion,2024,2.0,car,1,3.3,Vetroz,1963,12.2,36,M,1,1.0,80500
E1891,Sion,2025,2.0,car,1,3.3,Vetroz,1963,12.2,36,M,1,1.0,80500
E1892,Sion,2024,2.0,bus,0,0.0,Conthey,1964,5.2,44,M,0,1.0,112600
E1892,Sion,2025,2.0,bus,0,0.0,Conthey,1964,5.2,44,M,0,1.0,112600
E1893,Sion,2024,2.0,car,1,3.7,Ardon,1957,15.2,55,M,0,1.0,84000
E1893,Sion,2025,2.0,car,1,2.9,Ardon,1957,15.2,55,M,0,1.0,84000
E1894,Sion,2024,2.0,car,1,3.6,Arbaz,1974,7.8,38,M,1,1.0,93000
E1894,Sion,2025,2.0,car,1,4.1,Arbaz,1974,7.8,38,M,1,1.0,93000
E1895,Sion,2024,2.0,car,1,4.1,Grimisuat,1971,8.3,43,M,2,1.0,111300
E1895,Sion,2025,2.0,car,1,4.9,Grimisuat,1971,8.3,43,M,2,1.0,111300
E1896,Sion,2024,2.0,car,1,5.0,Vetroz,1963,8.3,54,F,2,1.0,96400
E1896,Sion,2025,2.0,car,1,4.3,Vetroz,1963,8.3,54,F,2,1.0,96400
E1897,Sion,2024,2.0,car,1,4.2,Sion,1950,2.1,29,M,2,1.0,140700
E1897,Sion,2025,2.0,car,1,4.3,Sion,1950,2.1,29,M,2,1.0,
E1898,Sion,2024,2.0,bus,0,0.0,Sion,1950,1.8,56,M,2,1.0,140700
E1898,Sion,2025,2.0,bus,0,0.0,SION,1950,1.8,56,M,2,1.0,140700
E1899,Sion,2024,2.0,car,1,3.7,Savieze,1965,12.8,53,M,1,1.0,140100
E1899,Sion,2025,2.0,car,1,3.9,Savieze,1965,12.8,53,M,1,1.0,140100
E1900,Sion,2024,2.0,bus,0,0.0,Vetroz,1963,8.7,44,F,2,1.0,123500
E1900,Sion,2025,2.0,bus,0,0.0,Vetroz,1963,8.7,44,F,2,1.0,123500
E1901,Sion,2024,2.0,bike,0,0.0,Vex,1981,7.7,63,F,0,1.0,111000
E1901,Sion,2025,2.0,bike,0,0.0,Vex,1981,7.7,63,F,0,1.0,
E1902,Sion,2024,2.0,bus,0,0.0,Savieze,1965,8.6,33,F,0,1.0,77500
E1902,Sion,2025,2.0,bus,0,0.0,Savieze,1965,8.6,33,F,0,1.0,77500
E1903,Sion,2024,2.0,bus,0,0.0,Bramois,1967,6.6,44,F,0,1.0,
E1903,Sion,2025,2.0,bus,0,0.0,Bramois,1967,6.6,44,F,0,1.0,103300
E1904,Sion,2024,2.0,car,1,5.0,Ayent,1966,10.8,52,F,1,1.0,102800
E1904,Sion,2025,2.0,car,1,3.3,Ayent,1966,10.8,52,F,1,1.0,102800
E1905,Sion,2024,2.0,car,1,3.6,Bramois,1967,6.1,46,F,2,1.0,111100
E1905,Sion,2025,2.0,car,1,3.6,Bramois,1967,6.1,46,F,2,1.0,111100
E1906,Sion,2024,2.0,car,1,3.8,Vetroz,1963,6.1,31,F,2,1.0,
E1906,Sion,2025,2.0,car,1,4.0,Vetroz,1963,6.1,31,F,2,1.0,83600
E1907,Sion,2024,2.0,bike,0,0.0,Sion,1950,2.6,37,M,0,1.0,82200
E1907,Sion,2025,2.0,bike,0,0.0,Sion,1950,2.6,37,M,0,1.0,82200
E1908,Sion,2024,2.0,car,1,2.4,Conthey,1964,5.7,29,F,0,1.0,69700
E1908,Sion,2025,2.0,car,1,2.2,Conthey,1964,5.7,29,F,0,1.0,69700
E1909,Sion,2024,2.0,bike,0,0.0,Sion,1950,2.3,53,F,0,0.6,43000
E1909,Sion,2025,2.0,bike,0,0.0,Sion,1950,2.3,53,F,0,0.6,43000
E1910,Sion,2024,2.0,car,1,3.4,Saint-Martin,1969,27.6,55,F,1,0.8,53000
E1910,Sion,2025,2.0,car,1,3.4,Saint-Martin,1969,27.6,55,F,1,0.8,53000
E1911,Sion,2024,2.0,bus,0,0.0,Bramois,1967,6.2,32,M,0,1.0,114000
E1911,Sion,2025,2.0,car,1,2.7,Bramois,1967,6.2,32,M,0,1.0,114000
E1912,Sion,2024,2.0,bus,0,0.0,Conthey,1964,9.0,49,M,0,1.0,104900
E1912,Sion,2025,2.0,bus,0,0.0,Conthey,1964,9.0,49,M,0,1.0,104900
E1913,Sion,2024,2.0,bus,0,0.0,Vetroz,1963,10.4,23,M,0,1.0,82200
E1913,Sion,2025,2.0,bus,0,0.0,Vetroz,1963,10.4,23,M,0,1.0,82200
E1914,Sion,2024,2.0,car,1,2.7,Sion,1950,1.7,29,F,0,1.0,62400
E1914,Sion,2025,2.0,car,1,2.5,Sion,1950,1.7,29,F,0,1.0,62400
E1915,Sion,2024,2.0,bike,0,0.0,Vetroz,1963,8.2,42,F,0,0.8,60600
E1915,Sion,2025,2.0,bike,0,0.0,Vetroz,1963,8.2,42,F,0,0.8,60600
E1916,Sion,2024,2.0,car,1,3.5,Evolene,1983,28.6,38,M,0,1.0,92100
E1916,Sion,2025,2.0,car,1,3.7,Evolene,1983,28.6,38,M,0,1.0,92100
E1917,Sion,2024,2.0,car,1,3.7,Ardon,1957,12.6,36,F,0,0.8,
E1917,Sion,2025,2.0,car,1,3.1,Ardon,1957,12.6,36,F,0,0.8,68800
E1918,Sion,2024,2.0,bus,0,0.0,Vetroz,1963,7.9,43,M,1,1.0,142300
E1918,Sion,2025,2.0,bus,0,0.0,Vetroz,1963,7.9,43,M,1,1.0,142300
E1919,Sion,2024,2.0,bus,0,0.0,Sion,1950,1.9,29,F,0,0.6,
E1919,Sion,2025,2.0,bus,0,0.0,Sion,1950,1.9,29,F,0,0.6,24300
E1920,Sion,2024,2.0,bike,0,0.0,Sion,1950,2.3,31,M,0,1.0,84400
E1920,Sion,2025,2.0,bike,0,0.0,Sion,1950,2.3,31,M,0,1.0,84400
E1921,Sion,2024,2.0,bus,0,0.0,Sion,1950,2.7,50,F,2,1.0,104400
E1921,Sion,2025,2.0,bus,0,0.0,Sion,1950,2.7,50,F,2,1.0,104400
E1922,Sion,2024,2.0,bus,0,0.0,Bramois,1967,4.8,28,M,0,1.0,66800
E1922,Sion,2025,2.0,bus,0,0.0,Bramois,1967,4.8,28,M,0,1.0,66800
E1923,Sion,2024,2.0,car,1,3.1,Conthey,1964,7.2,64,M,0,1.0,144700
E1923,Sion,2025,2.0,car,1,3.6,Conthey,1964,7.2,64,M,0,1.0,144700
E1924,Sion,2024,2.0,bus,0,0.0,Grimisuat,1971,7.0,35,F,0,1.0,80400
E1924,Sion,2025,2.0,bus,0,0.0,Grimisuat,1971,7.0,35,F,0,1.0,80400
E1925,Sion,2024,2.0,bus,0,0.0,Vex,1981,11.3,39,M,2,1.0,86700
E1925,Sion,2025,2.0,bus,0,0.0,Vex,1981,11.3,39,M,2,1.0,86700
E1926,Sion,2024,2.0,car,1,3.1,Vetroz,1963,10.3,42,F,0,1.0,145500
E1926,Sion,2025,2.0,car,1,3.5,Vetroz,1963,10.3,42,F,0,1.0,145500
E1927,Sion,2024,2.0,car,1,3.0,Vetroz,1963,9.3,49,M,0,1.0,74400
E1927,Sion,2025,2.0,car,1,2.7,Vetroz,1963,9.3,49,M,0,1.0,74400
E1928,Sion,2024,2.0,bike,0,0.0,SION,1950,2.2,34,F,2,0.6,54600
E1928,Sion,2025,2.0,bike,0,0.0,Sion,1950,2.2,34,F,2,0.6,54600
E1929,Sion,2024,2.0,car,1,3.4,Heremence,1987,20.2,25,F,0,1.0,57500
E1929,Sion,2025,2.0,car,1,3.4,Heremence,1987,20.2,25,F,0,1.0,57500
E1930,Sion,2024,2.0,bus,0,0.0,Conthey,1964,5.0,37,F,2,1.0,60800
E1930,Sion,2025,2.0,bus,0,0.0,Conthey,1964,5.0,37,F,2,1.0,60800
E1931,Sion,2024,2.0,car,1,2.7,Sion,1950,2.0,52,F,0,0.8,87500
E1931,Sion,2025,2.0,car,1,2.6,Sion,1950,2.0,52,F,0,0.8,87500
E1932,Sion,2024,2.0,bike,0,0.0,Sion,1950,2.3,40,M,0,1.0,46600
E1932,Sion,2025,2.0,bike,0,0.0,Sion,1950,2.3,40,M,0,1.0,46600
E1933,Sion,2024,2.0,car,1,3.5,Grimisuat,1971,6.2,43,F,1,1.0,107600
E1933,Sion,2025,2.0,car,1,3.7,Grimisuat,1971,6.2,43,F,1,1.0,107600
E1934,Sion,2024,2.0,bus,0,0.0,Vetroz,1963,10.7,46,M,2,1.0,63600
E1934,Sion,2025,2.0,bus,0,0.0,Vetroz,1963,10.7,46,M,2,1.0,63600
E1935,Sion,2024,2.0,bike,0,0.0,Sion,1950,1.7,44,M,1,1.0,89900
E1935,Sion,2025,2.0,bike,0,0.0,SION,1950,1.7,44,M,1,1.0,89900
E1936,Sion,2024,2.0,bus,0,0.0,Savieze,1965,7.6,39,F,0,1.0,73100
E1936,Sion,2025,2.0,bus,0,0.0,Savieze,1965,7.6,39,F,0,1.0,73100
E1937,Sion,2024,2.0,bus,0,0.0,Sion,1950,1.9,55,F,0,1.0,126700
E1937,Sion,2025,2.0,bus,0,0.0,Sion,1950,1.9,55,F,0,1.0,126700
E1938,Sion,2024,2.0,car,1,2.8,Vex,1981,7.6,34,F,0,1.0,79100
E1938,Sion,2025,2.0,car,1,3.2,Vex,1981,7.6,34,F,0,1.0,
E1939,Sion,2024,2.0,bike,0,0.0,Sion,1950,1.7,47,F,0,0.8,80700
E1939,Sion,2025,2.0,bike,0,0.0,Sion,1950,1.7,47,F,0,0.8,80700
E1940,Sion,2024,2.0,car,1,3.0,Conthey,1964,5.5,35,F,2,1.0,55600
E1940,Sion,2025,2.0,car,1,3.0,Conthey,1964,5.5,35,F,2,1.0,55600
E1941,Sion,2024,2.0,car,1,4.4,Ayent,1966,12.3,42,F,0,1.0,114800
E1941,Sion,2025,2.0,car,1,4.0,Ayent,1966,12.3,42,F,0,1.0,114800
E1942,Sion,2024,2.0,bus,0,0.0,Sion,1950,2.1,60,M,2,1.0,90200
E1942,Sion,2025,2.0,bus,0,0.0,Sion,1950,2.1,60,M,2,1.0,90200
E1943,Sion,2024,2.0,car,1,3.8,AYENT,1966,9.0,52,F,0,1.0,132800
E1943,Sion,2025,2.0,car,1,3.7,Ayent,1966,9.0,52,F,0,1.0,132800
E1944,Sion,2024,2.0,car,1,4.5,Ayent,1966,11.2,46,F,2,1.0,
E1944,Sion,2025,2.0,car,1,4.9,Ayent,1966,11.2,46,F,2,1.0,65400
E1945,Sion,2024,2.0,car,1,2.9,Bramois,1967,5.3,41,F,0,1.0,113900
E1945,Sion,2025,2.0,car,1,3.4,Bramois,1967,5.3,41,F,0,1.0,113900
E1946,Sion,2024,2.0,car,1,4.1,Conthey,1964,8.5,60,M,2,0.8,117100
E1946,Sion,2025,2.0,car,1,5.0,Conthey,1964,8.5,60,M,2,0.8,117100
E1947,Sion,2024,2.0,bus,0,0.0,Sion,1950,2.4,51,M,0,1.0,136900
E1947,Sion,2025,2.0,bus,0,0.0,Sion,1950,2.4,51,M,0,1.0,136900
E1948,Sion,2024,2.0,car,1,2.5,Bramois,1967,4.8,44,M,0,1.0,68600
E1948,Sion,2025,2.0,car,1,2.8,Bramois,1967,4.8,44,M,0,1.0,68600
E1949,Sion,2024,2.0,bike,0,0.0,Vetroz,1963,8.8,34,F,0,1.0,72200
E1949,Sion,2025,2.0,bike,0,0.0,Vetroz,1963,8.8,34,F,0,1.0,72200
E1950,Sion,2024,2.0,car,1,4.0,Conthey,1964,8.1,33,F,2,1.0,82100
E1950,Sion,2025,2.0,car,1,4.0,Conthey,1964,8.1,33,F,2,1.0,82100
E1951,Sion,2024,2.0,bus,0,0.0,Sion,1950,2.2,47,F,0,1.0,110000
E1951,Sion,2025,2.0,bus,0,0.0,Sion,1950,2.2,47,F,0,1.0,110000
E1952,Sion,2024,2.0,car,1,4.6,Ayent,1966,16.3,40,F,2,0.6,83400
E1952,Sion,2025,2.0,car,1,4.2,Ayent,1966,16.3,40,F,2,0.6,83400
E1953,Sion,2024,2.0,bus,0,0.0,Grimisuat,1971,5.6,47,F,0,0.8,76700
E1953,Sion,2025,2.0,bus,0,0.0,Grimisuat,1971,5.6,47,F,0,0.8,76700
E1954,Sion,2024,2.0,bus,0,0.0,Sion,1950,2.2,36,M,0,0.8,67600
E1954,Sion,2025,2.0,bus,0,0.0,Sion,1950,2.2,36,M,0,0.8,67600
E1955,Sion,2024,2.0,car,1,4.4,Salins,1994,6.6,38,M,0,1.0,81900
E1955,Sion,2025,2.0,car,1,4.3,Salins,1994,6.6,38,M,0,1.0,81900
E1956,Sion,2024,2.0,bike,0,0.0,Sion,1950,2.3,45,F,0,0.6,74500
E1956,Sion,2025,2.0,bike,0,0.0,Sion,1950,2.3,45,F,0,0.6,74500
E1957,Sion,2024,2.0,bike,0,0.0,Sion,1950,1.3,50,F,0,1.0,79000
E1957,Sion,2025,2.0,bike,0,0.0,Sion,1950,1.3,50,F,0,1.0,
E1958,Sion,2024,2.0,bus,0,0.0,Grimisuat,1971,7.0,37,M,2,1.0,
E1958,Sion,2025,2.0,bus,0,0.0,Grimisuat,1971,7.0,37,M,2,1.0,77500
E1959,Sion,2024,2.0,bus,0,0.0,Salins,1994,7.0,43,M,2,1.0,116600
E1959,Sion,2025,2.0,car,1,5.0,Salins,1994,7.0,43,M,2,1.0,116600
E1960,Sion,2024,2.0,bus,0,0.0,Conthey,1964,8.3,44,M,1,1.0,89200
E1960,Sion,2025,2.0,bus,0,0.0,Conthey,1964,8.3,44,M,1,1.0,89200
E1961,Sion,2024,2.0,car,1,4.6,Ardon,1957,14.1,38,F,2,1.0,139000
E1961,Sion,2025,2.0,car,1,5.0,Ardon,1957,14.1,38,F,2,1.0,139000
E1962,Sion,2024,2.0,car,1,3.9,Ayent,1966,8.8,45,M,2,1.0,92400
E1962,Sion,2025,2.0,car,1,4.0,Ayent,1966,8.8,45,M,2,1.0,92400
E1963,Sion,2024,2.0,bike,0,0.0,Savieze,1965,7.0,63,M,0,1.0,
E1963,Sion,2025,2.0,bike,0,0.0,Savieze,1965,7.0,63,M,0,1.0,69500
E1964,Sion,2024,2.0,car,1,3.6,Evolene,1983,35.4,64,M,0,1.0,93900
E1964,Sion,2025,2.0,car,1,4.1,Evolene,1983,35.4,64,M,0,1.0,93900
E1965,Sion,2024,2.0,bike,0,0.0,Sion,1950,1.8,23,F,0,0.8,34800
E1965,Sion,2025,2.0,bike,0,0.0,Sion,1950,1.8,23,F,0,0.8,34800
E1966,Sion,2024,2.0,car,1,3.5,Salins,1994,4.7,44,M,0,1.0,92100
E1966,Sion,2025,2.0,car,1,3.4,Salins,1994,4.7,44,M,0,1.0,92100
E1967,Sion,2024,2.0,car,1,2.8,Conthey,1964,6.0,42,F,0,1.0,81300
E1967,Sion,2025,2.0,car,1,3.4,Conthey,1964,6.0,42,F,0,1.0,81300
E1968,Sion,2024,2.0,car,1,2.5,Conthey,1964,6.7,56,M,0,1.0,102400
E1968,Sion,2025,2.0,car,1,3.2,Conthey,1964,6.7,56,M,0,1.0,102400
E1969,Sion,2024,2.0,bus,0,0.0,Grimisuat,1971,7.6,44,F,2,1.0,62800
E1969,Sion,2025,2.0,bus,0,0.0,Grimisuat,1971,7.6,44,F,2,1.0,62800
E1970,Sion,2024,2.0,car,1,3.3,Evolene,1983,30.9,37,F,0,1.0,84800
E1970,Sion,2025,2.0,car,1,3.4,Evolene,1983,30.9,37,F,0,1.0,84800
E1971,Sion,2024,2.0,bus,0,0.0,Bramois,1967,4.3,56,M,0,0.6,45400
E1971,Sion,2025,2.0,bus,0,0.0,Bramois,1967,4.3,56,M,0,0.6,45400
E1972,Sion,2024,2.0,bike,0,0.0,Sion,1950,2.3,50,M,0,1.0,173200
E1972,Sion,2025,2.0,bike,0,0.0,Sion,1950,2.3,50,M,0,1.0,173200
E1973,Sion,2024,2.0,car,1,4.1,Ayent,1966,10.6,28,M,0,1.0,
E1973,Sion,2025,2.0,car,1,3.9,Ayent,1966,10.6,28,M,0,1.0,110700
E1974,Sion,2024,2.0,car,1,3.4,Sion,1950,2.6,32,M,0,1.0,54300
E1974,Sion,2025,2.0,car,1,3.3,Sion,1950,2.6,32,M,0,1.0,
E1975,Sion,2024,2.0,car,1,3.0,Conthey,1964,6.3,51,F,1,1.0,106300
E1975,Sion,2025,2.0,car,1,2.8,Conthey,1964,6.3,51,F,1,1.0,106300
E1976,Sion,2024,2.0,car,1,2.7,Sion,1950,2.3,43,F,2,0.6,49200
E1976,Sion,2025,2.0,car,1,2.3,Sion,1950,2.3,43,F,2,0.6,49200
E1977,Sion,2024,2.0,bus,0,0.0,Sion,1950,1.9,32,M,2,1.0,100800
E1977,Sion,2025,2.0,bus,0,0.0,Sion,1950,1.9,32,M,2,1.0,100800
E1978,Sion,2024,2.0,car,1,2.9,Sion,1950,3.2,45,F,0,1.0,89600
E1978,Sion,2025,2.0,car,1,2.8,Sion,1950,3.2,45,F,0,1.0,89600
E1979,Sion,2024,2.0,bike,0,0.0,Sion,1950,2.5,60,F,0,0.8,91100
E1979,Sion,2025,2.0,bike,0,0.0,Sion,1950,2.5,60,F,0,0.8,91100
E1980,Sion,2024,2.0,bus,0,0.0,Sion,1950,2.4,44,M,1,1.0,68900
E1980,Sion,2025,2.0,bus,0,0.0,Sion,1950,2.4,44,M,1,1.0,68900
E1981,Sion,2024,2.0,bike,0,0.0,Sion,1950,1.6,43,M,0,1.0,61900
E1981,Sion,2025,2.0,bike,0,0.0,Sion,1950,1.6,43,M,0,1.0,61900
E1982,Sion,2024,2.0,bus,0,0.0,Grimisuat,1971,6.9,61,F,0,0.6,42600
E1982,Sion,2025,2.0,bus,0,0.0,Grimisuat,1971,6.9,61,F,0,0.6,42600
E1983,Sion,2024,2.0,bus,0,0.0,Vetroz,1963,8.7,43,M,0,1.0,119600
E1983,Sion,2025,2.0,bus,0,0.0,Vetroz,1963,8.7,43,M,0,1.0,119600
E1984,Sion,2024,2.0,bus,0,0.0,Sion,1950,1.6,58,M,2,1.0,120600
E1984,Sion,2025,2.0,car,1,4.2,Sion,1950,1.6,58,M,2,1.0,120600
E1985,Sion,2024,2.0,car,1,5.0,Ayent,1966,15.5,44,M,2,1.0,102400
E1985,Sion,2025,2.0,car,1,5.0,Ayent,1966,15.5,44,M,2,1.0,102400
E1986,Sion,2024,2.0,car,1,3.8,Saint-Martin,1969,32.3,42,F,0,1.0,74800
E1986,Sion,2025,2.0,car,1,3.6,Saint-Martin,1969,32.3,42,F,0,1.0,74800
E1987,Sion,2024,2.0,car,1,5.0,Vex,1981,9.7,35,F,2,1.0,80800
E1987,Sion,2025,2.0,car,1,5.0,Vex,1981,9.7,35,F,2,1.0,
E1988,Sion,2024,2.0,car,1,2.7,Bramois,1967,4.4,28,M,0,1.0,60200
E1988,Sion,2025,2.0,car,1,2.9,Bramois,1967,4.4,28,M,0,1.0,
E1989,Sion,2024,2.0,car,1,3.2,Bramois,1967,6.1,43,F,2,0.6,58700
E1989,Sion,2025,2.0,car,1,2.7,Bramois,1967,6.1,43,F,2,0.6,58700
E1990,Sion,2024,2.0,car,1,2.3,Savieze,1965,8.8,46,F,0,0.6,43900
E1990,Sion,2025,2.0,car,1,2.4,SAVIEZE,1965,8.8,46,F,0,0.6,43900
E1991,Sion,2024,2.0,car,1,3.3,Salins,1994,6.5,33,M,2,1.0,77200
E1991,Sion,2025,2.0,car,1,3.6,Salins,1994,6.5,33,M,2,1.0,77200
E1992,Sion,2024,2.0,bike,0,0.0,Savieze,1965,8.1,38,M,2,1.0,88600
E1992,Sion,2025,2.0,bike,0,0.0,Savieze,1965,8.1,38,M,2,1.0,88600
E1993,Sion,2024,2.0,car,1,3.6,Bramois,1967,4.3,41,M,1,1.0,76300
E1993,Sion,2025,2.0,car,1,3.9,Bramois,1967,4.3,41,M,1,1.0,76300
E1994,Sion,2024,2.0,car,1,3.2,Arbaz,1974,10.5,26,F,0,1.0,53800
E1994,Sion,2025,2.0,car,1,3.6,Arbaz,1974,10.5,26,F,0,1.0,53800
E1995,Sion,2024,2.0,car,1,4.1,Salins,1994,6.5,37,M,0,1.0,96300
E1995,Sion,2025,2.0,car,1,4.0,Salins,1994,6.5,37,M,0,1.0,96300
E1996,Sion,2024,2.0,car,1,3.9,Grimisuat,1971,7.3,24,M,0,1.0,83800
E1996,Sion,2025,2.0,car,1,3.6,Grimisuat,1971,7.3,24,M,0,1.0,83800
E1997,Sion,2024,2.0,bus,0,0.0,Conthey,1964,5.9,39,F,2,0.8,68700
E1997,Sion,2025,2.0,car,1,5.0,Conthey,1964,5.9,39,F,2,0.8,68700
E1998,Sion,2024,2.0,car,1,4.1,Sion,1950,2.4,43,M,2,0.6,55900
E1998,Sion,2025,2.0,car,1,4.5,Sion,1950,2.4,43,M,2,0.6,55900
E1999,Sion,2024,2.0,car,1,3.8,Grimisuat,1971,6.6,54,F,1,1.0,114000
E1999,Sion,2025,2.0,car,1,3.9,Grimisuat,1971,6.6,54,F,1,1.0,114000
